Barcode	BL	CRL	Cell_ID	Name	Seeded	Signal_Seeded	Barcode	B03	C03	D03	E03	F03	G03	H03	I03	J03	K03	L03	M03	N03	O03	B14	C14	D14	E14	F14	G14	H14	I14	J14	K14	L14	M14	N14	O14
B13_1421_00173230	187.625	1345.71428571	1421	AU-565	6250	6092	B13_1421_00173230	416	476	36	24	132	340	776	208	544	168	256	16	592	680	148	708	760	788	1012	840	276	1216	224	236	820	164	424	220
B13_1421_00180580	64	12406.8571429	1421	AU-565	12500	10584	B13_1421_00180580	2260	4196	1836	220	3048	3488	5792	1596	2788	816	1732	180	5200	8684	756	6724	4520	14584	2280	8068	1604	8704	2104	1992	8268	648	2268	2756
B13_1421_00183420	38.125	6899.33333333	1421	AU-565	12500	10584	B13_1421_00183420	1828	2952	1280	172	1536	1164	2652	1184	2088	940	1336	172	3956	4568	736	3764	2584	2640	3884	5204	1032	4172	1160	824	3832	536	1132	1904
B15_1421_00173450	227.125	3949.23809524	1421	AU-565	3125	2652	B15_1421_00173450	76	704	32	20	232	152	1964	88	84	84	240	32	944	1760	56	632	764	1256	2184	800	224	1840	252	240	2252	60	728	108
B15_1421_00177040	96	22929.6190476	1421	AU-565	11563		B15_1421_00177040	1548	3624	980	248	5700	2684	10044	2832	728	824	980	260	7284	13724	360	5832	4540	5544	8196	9208	792	20536	1164	1056	13976	448	26040	3708
B15_1421_00180770	44.5	7477.23809524	1421	AU-565	3125	2652	B15_1421_00180770	744	2708	160	316	708	1436	1760	736	488	460	760	60	2592	3756	540	3396	2400	9516	1424	4784	516	5092	928	708	5384	416	1000	2436
B15_1421_00183620	24.5	3485.61904762	1421	AU-565	3125	2652	B15_1421_00183620	444	912	440	52	400	224	964	368	1052	216	312	64	2200	2336	316	1316	1256	1536	2020	2416	324	2268	472	176	2764	236	396	480
B17_1421_00177700	56.125	12431.3333333	1421	AU-565	5781		B17_1421_00177700	408	1552	132	64	872	556	3720	656	168	168	424	108	3556	8572	164	2220	2668	2500	7576	3956	308	11956	484	428	6244	188	2876	208
B23_1421_00173670	107.75	1460.38095238	1421	AU-565	6250	6092	B23_1421_00173670	512	1068	316	468	488	1176	28	232	444	168	80	432	364	120	904	1088	476	64	1216	368	360	888	376	264	1024	1456	292	32
B23_1421_00180960	70.125	15441.047619	1421	AU-565	12500	10584	B23_1421_00180960	6808	9672	2900	3944	5708	12388	876	1052	3772	2476	656	3756	2300	2440	7736	12308	3640	408	11856	3452	2316	7376	2840	1672	12668	11672	3292	340
B23_1421_00183820	55.75	13582.5714286	1421	AU-565	12500	10584	B23_1421_00183820	5456	10844	3120	4112	6420	9916	628	2408	3728	2344	840	3540	1932	2036	8228	8920	3900	892	8016	2856	1776	4832	2432	1100	9188	9900	2780	328
B25_1421_00173890	44.75	4296.95238095	1421	AU-565	3125	2652	B25_1421_00173890	968	2160	476	604	812	1668	52	180	372	76	112	264	72	36	1636	3460	444	72	2320	356	232	1824	392	276	2564	3212	256	64
B25_1421_00177260	79.625	21824.3809524	1421	AU-565	11563		B25_1421_00177260	5100	13528	1176	1720	2856	12556	216	672	1744	716	220	1396	612	156	9708	15284	1720	276	13480	1076	1048	4052	824	448	10712	12144	952	216
B25_1421_00181150	47.125	10653.7142857	1421	AU-565	3125	2652	B25_1421_00181150	3952	9564	1376	1440	2776	8008	340	704	1600	796	520	1464	984	348	6032	5820	1324	384	7780	564	884	4116	584	568	5780	7152	1304	204
B25_1421_00184020	29.625	5686.0952381	1421	AU-565	3125	2652	B25_1421_00184020	2048	4280	860	824	2116	4412	324	772	952	396	120	836	452	176	2784	4176	1316	164	2064	304	368	1952	464	152	3480	3568	692	116
B27_1421_00177480	74	17434.1904762	1421	AU-565	5781		B27_1421_00177480	4776	10516	704	792	2184	12728	220	912	1920	616	152	908	348	120	8056	10236	1656	228	12608	588	432	3728	532	328	9520	14124	596	180
B13_1422_00173240	170.125	1857.71428571	1422	BT-20	6250	6108	B13_1422_00173240	608	1084	312	256	748	928	1388	680	760	384	320	32	1140	612	1164	1996	1040	1832	1816	1420	448	1004	552	1016	1376	236	60	424
B13_1422_00180590	68.875	12518.952381	1422	BT-20	25000	19948	B13_1422_00180590	2856	6272	4176	788	3940	5672	8420	4276	4092	2412	1512	872	10668	5972	6064	10648	5212	12852	3968	7504	3176	5348	5116	8580	11132	2700	400	6612
B13_1422_00183430	89.125	16665.8095238	1422	BT-20	25000	19948	B13_1422_00183430	4256	9064	7968	3120	8264	8124	11996	8440	8048	7108	2668	520	13472	8732	9388	16876	7724	14576	15952	12192	3988	8384	6904	13532	15668	3120	704	3128
B15_1422_00173460	298.125	7195.42857143	1422	BT-20	3125	3392	B15_1422_00173460	448	2256	304	68	2464	1136	6028	284	272	436	360	76	3464	1624	220	2804	1856	3516	5176	1440	840	1052	448	3068	3348	68	88	188
B15_1422_00177050	108.75	24765.3333333	1422	BT-20	11563		B15_1422_00177050	1432	7480	3648	320	11820	9688	15604	7268	1320	1352	736	328	18212	9064	4176	9352	7336	12000	18524	8464	2096	7720	4172	11644	13516	412	24740	4336
B15_1422_00180780	63.125	10255.9047619	1422	BT-20	12500	11420	B15_1422_00180780	1004	6940	2132	564	1992	3144	7188	2644	1592	1368	1336	564	7856	2856	5252	6288	5564	10504	3664	6784	2896	5244	3804	6228	8708	896	452	5520
B15_1422_00183630	82.5	12035.2380952	1422	BT-20	12500	11420	B15_1422_00183630	2872	7500	4312	1224	4560	5008	8728	5620	4884	4920	980	232	9148	4620	5876	9952	7396	12916	12960	9612	2656	4824	3188	7808	12028	1048	264	6936
B17_1422_00177710	78	16297.9047619	1422	BT-20	5781		B17_1422_00177710	888	4320	532	124	4004	2808	8068	4140	264	552	472	140	7356	3040	3368	2484	3352	9240	13040	4348	1096	6800	1684	7248	8168	268	13120	2264
B23_1422_00173680	147.25	2800.28571429	1422	BT-20	6250	6108	B23_1422_00173680	1708	2232	700	416	848	1964	56	920	628	1196	988	1620	788	144	2236	2292	800	136	1624	824	112	1384	528	60	2020	2600	2012	412
B23_1422_00180970	92.875	19135.4285714	1422	BT-20	25000	19948	B23_1422_00180970	11936	11160	7796	7516	4076	11892	3096	7596	4744	7280	7000	8972	4980	1220	12536	20520	7316	3016	5140	7956	1952	12028	2864	1488	17716	19604	13432	2656
B23_1422_00183830	90.25	23937.9047619	1422	BT-20	25000	19948	B23_1422_00183830	18404	22712	7948	6244	8468	26864	8324	13760	8600	13276	9964	12260	5556	3188	15472	23648	9880	3684	5828	10072	1240	9940	4708	880	21648	22308	16984	4028
B25_1422_00173900	155.375	8477.42857143	1422	BT-20	3125	3392	B25_1422_00173900	3912	6980	984	840	696	4660	100	1124	1008	1668	1096	2196	144	120	5368	7448	964	116	1852	676	124	3516	924	152	4788	5820	1360	292
B25_1422_00177270	89.75	22492.6666667	1422	BT-20	11563		B25_1422_00177270	10872	14828	2816	1892	1748	13828	316	6760	2132	6520	2044	7248	644	272	13668	16044	2460	280	4028	2924	268	8236	1632	324	14792	17128	1168	644
B25_1422_00181160	59.5	13900.0952381	1422	BT-20	12500	11420	B25_1422_00181160	9520	10676	3580	2532	3488	12080	396	4304	3568	5660	3744	6668	1596	964	13144	13476	2844	548	4792	2392	680	6964	2208	544	11728	11644	9408	1120
B25_1422_00184030	97.625	19614.3809524	1422	BT-20	12500	11420	B25_1422_00184030	18000	14960	4140	2988	5448	15980	2972	9016	4624	6596	7508	7040	4892	1012	14044	23084	7676	1280	8740	3720	544	8772	3044	524	17140	20448	14712	3712
B27_1422_00177490	63.875	15349.8095238	1422	BT-20	5781		B27_1422_00177490	9804	8600	1280	928	1568	10200	232	5648	2008	3984	2004	3728	308	184	13376	10800	1444	184	2580	1208	172	6076	872	196	8504	10156	1076	260
B13_1423_00173250	202.375	9164.95238095	1423	BT-474	50000	29368	B13_1423_00173250	4104	5728	204	188	1500	5716	7300	2156	3420	968	3688	344	6528	6384	1336	9132	6000	7240	7468	5500	2724	7572	2292	2784	5904	2048	188	3280
B13_1423_00180600	205	47100.952381	1423	BT-474	50000	29368	B13_1423_00180600	16056	21076	8156	612	23196	9236	29460	2028	6880	6672	14304	1148	27872	28920	1360	38512	22324	51316	18864	21496	12572	31000	8468	14068	32556	828	1224	5756
B13_1423_00183440	169.875	35643.6190476	1423	BT-474	50000	29368	B13_1423_00183440	12860	18452	6532	1108	10820	18172	23292	7856	11496	12768	14236	1448	22100	23372	3232	28832	18540	23844	25040	22000	10048	26168	6100	9748	27016	4192	904	10440
B15_1423_00173470	447.75	31413.3333333	1423	BT-474	25000	20156	B15_1423_00173470	6072	10324	236	212	1328	836	20884	612	1676	1372	5208	392	14912	19376	544	23436	10700	19600	19956	11780	3480	19144	1476	4936	13872	324	344	380
B15_1423_00177060	324.625	68784.1904762	1423	BT-474	92500		B15_1423_00177060	14896	28756	1164	736	13708	1956	46944	1532	3104	1976	12660	936	41876	47936	1192	46432	25512	41412	45896	26708	8892	52156	8068	11812	38488	1156	66312	1476
B15_1423_00180790	93	17429.6190476	1423	BT-474	25000	20156	B15_1423_00180790	5284	8860	248	700	1812	1184	9624	720	744	1120	4172	384	9688	11036	800	15552	8316	20984	6768	11456	2028	13344	1512	4260	11380	712	796	2876
B15_1423_00183640	119.75	18627.9047619	1423	BT-474	25000	20156	B15_1423_00183640	6464	8128	1896	216	1768	468	8916	864	3496	1296	4496	504	11860	12256	2452	15048	10272	14012	14584	16392	3736	14876	2484	4464	11220	1080	348	1780
B17_1423_00177720	236.875	47223.3333333	1423	BT-474	46250		B17_1423_00177720	8072	13124	556	316	2004	632	15712	784	1264	740	4376	548	18644	29820	1984	28240	15740	23844	30604	22052	2552	33184	2288	5320	21888	768	20360	20596
B23_1423_00173690	202.5	12415.8095238	1423	BT-474	50000	29368	B23_1423_00173690	6812	10960	5400	5264	6876	9852	620	7236	3912	2736	636	4664	3860	1968	9304	9936	4620	936	7496	4964	1076	8936	3376	732	9108	9792	6040	980
B23_1423_00180980	222	49766	1423	BT-474	50000	29368	B23_1423_00180980	22740	32672	19676	19068	23488	36832	1160	24952	10788	7572	780	15004	10952	1180	31848	34300	25960	1248	36216	17868	2956	28872	12608	2004	35116	31888	3388	972
B23_1423_00183840	146.625	33273.4285714	1423	BT-474	50000	29368	B23_1423_00183840	17672	25492	13820	15156	17308	23260	2880	21072	10344	6380	1292	9520	10060	5172	20776	24900	14340	2200	22512	12544	2504	18300	7800	1600	20144	21208	4316	1404
B25_1423_00173910	206.75	34457.5238095	1423	BT-474	25000	20156	B25_1423_00173910	12832	21300	5660	5908	11232	21508	472	8876	2164	2048	380	5568	2068	340	22792	25528	9804	552	18624	5128	540	17460	3092	560	17840	20228	544	372
B25_1423_00177280	296.25	67961.9047619	1423	BT-474	92500		B25_1423_00177280	23600	41832	15260	15156	24012	48360	1008	32212	5456	4380	660	11220	7968	704	44956	48184	23884	1140	46276	16416	1068	22124	6480	1108	40068	44896	1176	952
B25_1423_00181170	100.75	25716.0952381	1423	BT-474	25000	20156	B25_1423_00181170	10772	24660	5780	6532	10784	18596	1840	9372	2384	3608	1204	5768	3240	728	18132	15328	7596	784	15136	3848	1380	10588	2212	984	14624	13540	1220	536
B25_1423_00184040	143.25	31417.3333333	1423	BT-474	25000	20156	B25_1423_00184040	13624	22152	7584	8820	10844	23940	5764	15124	5872	4892	984	6748	6348	1784	19844	26264	12252	1284	16452	5964	1144	16424	5716	1032	19296	20016	2308	800
B27_1423_00177500	217.625	53093.4285714	1423	BT-474	46250		B27_1423_00177500	13016	33812	5516	6000	10192	33712	3724	16344	3632	2920	500	6300	2992	412	28744	32156	9684	712	31840	5164	736	18764	2904	688	25828	33460	788	668
B13_1426_00173260	277.125	10508.6666667	1426	CAMA-1	25000	24120	B13_1426_00173260	3924	2840	1468	1580	5880	5284	6224	4176	3012	2244	960	200	4312	4444	6760	10668	4048	7112	8120	7668	1676	6412	2908	5512	5504	3768	176	4988
B13_1426_00180610	125.625	23756.1904762	1426	CAMA-1	25000	24120	B13_1426_00180610	12604	7244	6552	1688	14148	10536	11100	7760	5980	3836	2084	444	12216	11564	16464	26348	9872	26636	11332	20168	4612	13544	7048	13448	15596	5604	436	6396
B13_1426_00183450	116.5	19899.6190476	1426	CAMA-1	25000	24120	B13_1426_00183450	9568	6776	5588	1136	8652	9028	9976	8672	6432	9936	3848	420	10184	10168	13496	21604	9904	14392	13428	15492	4300	12324	6764	11612	12776	5304	624	7644
B15_1426_00173480	347.5	21760.6666667	1426	CAMA-1	6250	8176	B15_1426_00173480	4096	2212	228	176	7124	844	8256	788	716	352	232	216	6572	7164	396	14788	3716	8032	10980	7992	1788	7052	2812	8132	7840	252	252	276
B15_1426_00177070	200.25	44580	1426	CAMA-1	46250		B15_1426_00177070	19920	12680	2980	964	35564	28152	38392	11236	4048	1676	2196	576	38112	40480	37292	39560	21612	39312	42416	33688	5940	41632	17128	28680	44324	732	41924	14212
B15_1426_00180800	84	15703.047619	1426	CAMA-1	12500	12952	B15_1426_00180800	5872	4392	1172	800	6552	4356	5052	4200	1496	1548	1220	200	6932	5800	10680	21668	7476	20376	6208	11244	2068	9648	4540	9736	10796	1236	676	7464
B15_1426_00183650	112.875	18231.8095238	1426	CAMA-1	12500	12952	B15_1426_00183650	6456	4228	1488	376	6812	5396	6612	5252	4604	4212	1652	276	7296	6572	13724	20584	8016	11916	10876	11160	2788	8644	4372	9056	12312	3372	380	4604
B17_1426_00177730	275.125	53905.9047619	1426	CAMA-1	11563		B17_1426_00177730	19460	8780	1008	864	33580	24432	45224	13796	3404	12972	1552	628	36144	35228	42928	46692	23124	44448	53048	31888	5560	54620	14544	34140	50460	924	51756	28900
B23_1426_00173700	138.625	11974	1426	CAMA-1	25000	24120	B23_1426_00173700	6272	9560	2132	784	1428	7536	164	1772	2056	7020	4672	6920	2716	2484	8764	8896	5836	3416	7068	2444	316	6420	2296	1428	7576	8556	3788	516
B23_1426_00180990	114.75	26028.7619048	1426	CAMA-1	25000	24120	B23_1426_00180990	12528	17936	3824	3340	4732	13756	1828	2928	4920	14712	5072	17860	5220	5276	12092	14744	13412	2636	10244	5716	2980	11940	5532	5256	19068	18008	6912	1308
B23_1426_00183850	100.875	23881.1428571	1426	CAMA-1	25000	24120	B23_1426_00183850	15248	20120	6324	2820	3060	12476	1916	6316	4764	16644	11656	17048	8340	6996	14584	16332	11964	7316	13108	5416	820	10468	4872	2756	12152	14684	7548	2448
B25_1426_00173920	146.375	23565.9047619	1426	CAMA-1	6250	8176	B25_1426_00173920	6784	12944	960	300	1636	9176	272	1108	1312	7944	492	9660	492	280	8472	11684	5584	336	10012	680	300	9828	2000	476	10008	11700	748	332
B25_1426_00177290	285	59280.1904762	1426	CAMA-1	46250		B25_1426_00177290	43784	41524	5940	1996	5528	59584	1336	19252	9068	52184	21632	55900	2972	1676	54320	60752	32412	1772	48556	5668	964	25272	8960	1928	57172	55704	7600	2820
B25_1426_00181180	73.25	16595.1428571	1426	CAMA-1	12500	12952	B25_1426_00181180	6924	13896	1976	472	1164	9364	604	2224	2192	9968	5308	10988	3780	1160	8848	11804	5896	748	8824	1340	752	7324	2380	912	10068	11196	3700	1108
B25_1426_00184050	141	29371.047619	1426	CAMA-1	12500	12952	B25_1426_00184050	13776	23052	4336	1616	1976	17520	6792	5492	3656	16380	11372	18108	5608	4784	17952	25396	10396	2332	14548	3144	584	13816	5200	1980	20528	18572	5576	3308
B27_1426_00177510	264	58239.4285714	1426	CAMA-1	11563		B27_1426_00177510	49600	56476	4612	1280	2872	51296	19056	18152	11172	48868	37620	50620	9612	1204	55764	59056	20628	1160	41376	3200	800	23196	9500	1972	55524	52808	8356	3372
B13_1427_00173270	178.75	14231.9047619	1427	DU-4475	12500	5628	B13_1427_00173270	7916	4156	144	4844	10844	236	12784	152	120	792	196	140	11268	152	8776	18460	10244	6308	6628	652	3044	184	3848	11532	9248	3204	216	4796
B13_1427_00180620	86	20092.5714286	1427	DU-4475	25000	10316	B13_1427_00180620	10724	644	216	232	9520	296	13996	240	208	260	172	192	12424	212	364	6084	7684	21900	312	388	936	252	1356	18540	11832	328	248	392
B13_1427_00183460	203.125	41165.6190476	1427	DU-4475	25000	10316	B13_1427_00183460	21516	11652	1128	1452	18304	1464	25048	2660	588	2056	604	564	30696	1852	5892	26608	27612	7456	16968	2608	3612	852	7488	33780	29428	3104	612	5552
B15_1427_00173490	798.875	83905.9047619	1427	DU-4475	6250	2776	B15_1427_00173490	53456	20524	956	1332	64732	1220	79136	1288	712	760	620	668	52904	672	24540	66144	65528	25820	29644	1728	12172	1168	12772	60508	66636	2120	988	12776
B15_1427_00177080	590.875	149821.619048	1427	DU-4475	23125		B15_1427_00177080	120112	59408	3076	3544	113668	2060	101160	1900	1464	1752	1244	1520	125076	1596	18252	53696	135872	73536	109296	2728	44172	1872	24332	42060	124316	2176	151160	6040
B15_1427_00180810	92.25	20973.047619	1427	DU-4475	12500	5628	B15_1427_00180810	11680	2472	160	172	5284	268	13712	184	164	220	380	164	9244	244	880	904	5972	23668	356	456	660	324	1032	5308	8656	392	220	1188
B15_1427_00183660	242.75	42035.4285714	1427	DU-4475	12500	5628	B15_1427_00183660	18256	9904	844	448	15880	1292	20308	1772	412	1708	436	504	26340	1776	11372	14128	26652	4844	8464	1212	2252	736	4648	27208	28900	2048	496	1996
B17_1427_00177740	458.5	109002.761905	1427	DU-4475	11563		B17_1427_00177740	75888	34504	1360	1676	89588	1468	104204	1248	1008	880	908	1052	106060	1128	85016	32980	102512	38656	75356	1876	10100	1412	8692	43820	106008	1628	103608	7104
B23_1427_00173710	224.25	25075.6190476	1427	DU-4475	12500	5628	B23_1427_00173710	10084	21148	1408	1172	14916	23176	308	6004	9288	20452	4076	21648	2032	268	17724	27772	9744	516	252	1536	312	14404	11028	356	22188	14868	15452	4484
B23_1427_00181000	107.5	24725.5238095	1427	DU-4475	25000	10316	B23_1427_00181000	10768	5676	304	348	4932	18116	232	340	404	15224	520	22476	408	276	6612	9224	2104	288	256	460	312	9596	3080	352	18596	18616	404	364
B23_1427_00183860	176.125	38338.8571429	1427	DU-4475	25000	10316	B23_1427_00183860	18348	19704	2012	1340	22792	33608	2184	3936	3260	33468	4736	31128	3440	1004	9980	31008	9628	1328	520	1256	604	18796	3808	760	20704	23528	2596	2524
B25_1427_00173930	777.875	109880.285714	1427	DU-4475	6250	2776	B25_1427_00173930	53320	102236	2524	1884	64100	89956	1344	7428	18352	79512	2412	98436	1956	1548	68860	110632	11224	1288	1244	2620	1260	42620	33844	1580	92368	48784	42636	29400
B25_1427_00177300	545.5	131184	1427	DU-4475	23125		B25_1427_00177300	89412	15120	4068	2804	86692	114496	1736	15100	66668	87148	2744	81952	2848	1688	127500	133476	6948	1504	1224	4192	1292	19532	57716	1908	112732	55860	2352	2204
B25_1427_00181190	95.75	29400.7619048	1427	DU-4475	12500	5628	B25_1427_00181190	11020	11832	484	424	4184	26928	344	988	596	18948	768	26784	368	280	8032	8612	2096	284	344	328	280	11388	4072	416	10332	4264	432	464
B25_1427_00184060	287	70413.6190476	1427	DU-4475	12500	5628	B25_1427_00184060	36740	72924	4648	1640	34208	71668	4048	11352	17780	59764	9072	61680	5144	872	32068	62768	13404	1172	796	1004	904	29608	23932	1984	57080	31084	4160	3880
B27_1427_00177520	391.875	98855.4285714	1427	DU-4475	11563		B27_1427_00177520	62308	74588	2232	1712	67584	86516	1272	7196	57788	67432	2056	60308	1700	1196	92156	94488	2396	968	888	2204	1096	22476	45188	1540	93604	49548	2216	1620
B13_1428_00173280	233.125	10569.3333333	1428	HCC-1187	25000	13292	B13_1428_00173280	3112	2892	1512	120	1780	1584	3760	1004	1720	584	1152	100	3180	2364	5228	3456	2840	2752	4420	2092	1484	3448	1128	4652	4428	1248	456	1124
B13_1428_00180630	264.875	55345.7142857	1428	HCC-1187	50000	25348	B13_1428_00180630	12888	10860	3788	680	14352	10536	21136	3876	8672	6520	10752	668	16988	18276	8816	14132	20496	56152	5768	14036	9600	25392	7324	23068	23032	6240	1352	13056
B13_1428_00183470	130	24163.5238095	1428	HCC-1187	50000	25348	B13_1428_00183470	6940	5644	2472	576	6368	4140	10608	2956	4652	4564	4888	528	7144	8240	6196	6968	8864	6260	10032	5796	4084	8728	3180	9528	10048	1424	948	5252
B15_1428_00173500	275.5	36495.9047619	1428	HCC-1187	12500	7000	B15_1428_00173500	1404	1860	308	260	1500	456	3788	452	340	300	1084	272	2872	2788	644	1388	3908	3708	10200	2200	1324	5704	1040	6460	4140	364	496	396
B15_1428_00177090	318.875	79721.2380952	1428	HCC-1187	46250		B15_1428_00177090	10352	9612	3152	792	10800	3816	16032	3568	1972	1188	4024	688	13708	15508	7116	6064	20648	12332	28204	7808	5092	28548	5392	17872	22760	1120	76284	5676
B15_1428_00180820	78.125	16158.0952381	1428	HCC-1187	25000	13292	B15_1428_00180820	6076	5428	1516	1892	4784	4616	7772	3052	2256	3032	3352	300	5632	4816	4968	3820	6912	15860	1660	4968	2676	4876	3044	7592	7640	976	1888	5588
B15_1428_00183670	72.125	15417.2380952	1428	HCC-1187	25000	13292	B15_1428_00183670	2784	2320	760	188	2008	1456	4344	1280	2356	2788	1764	232	4104	3620	4640	2228	4372	3968	4912	3072	1408	5276	1300	5284	4708	436	256	2720
B17_1428_00177750	241.25	59638	1428	HCC-1187	23125		B17_1428_00177750	6836	6620	800	508	4752	3004	8192	2332	1248	852	1436	460	9820	7456	12840	2364	16428	7232	19280	3504	2516	18200	4100	12952	15676	768	32912	1324
B23_1428_00173720	128.125	11669.047619	1428	HCC-1187	25000	13292	B23_1428_00173720	2988	5676	2064	1948	3072	7328	160	2224	1420	3200	600	3548	884	124	4480	7704	2808	168	3804	2456	588	5012	2688	852	4088	4516	2316	152
B23_1428_00181010	229.625	54611.2380952	1428	HCC-1187	50000	25348	B23_1428_00181010	12900	26908	13664	18400	18132	24092	876	12060	8944	19248	3764	21048	7664	876	14704	34520	10092	820	18564	14644	2252	20520	12248	2576	25392	21648	7244	1060
B23_1428_00183870	121.875	29149.4285714	1428	HCC-1187	50000	25348	B23_1428_00183870	9176	16980	8028	9328	9536	22308	1716	6708	5656	11568	3248	12252	3816	1388	7588	15912	8852	916	8044	6968	2212	10728	5820	2464	9820	11476	4700	1384
B25_1428_00173940	159.625	38743.9047619	1428	HCC-1187	12500	7000	B25_1428_00173940	6376	10876	1728	1536	3692	7720	400	916	1084	3316	400	5276	392	344	5548	9332	2404	476	6012	2940	692	12524	3648	576	8012	7624	2072	440
B25_1428_00177310	343.75	85474.7619048	1428	HCC-1187	46250		B25_1428_00177310	17136	28380	6916	7556	26828	37100	1284	7184	6576	19080	1588	20660	2604	956	20192	35020	9040	1088	22792	8488	1204	23824	8784	1772	29852	27432	6796	1436
B25_1428_00181200	69.25	18740.952381	1428	HCC-1187	25000	13292	B25_1428_00181200	5552	6624	3996	3464	5924	12972	628	4272	4476	7724	2276	9352	3848	1740	3768	10892	5224	784	4172	3264	2008	5464	3276	1856	10524	5412	4880	448
B25_1428_00184070	107.875	27042.7619048	1428	HCC-1187	25000	13292	B25_1428_00184070	5824	14032	3352	3628	9568	11752	1132	3872	2872	8356	1952	8180	2660	568	5680	13860	5960	688	8184	3588	800	8928	3644	1516	12104	10904	4340	1008
B27_1428_00177530	232.75	62850.1904762	1428	HCC-1187	23125		B27_1428_00177530	9656	31296	3344	2612	18740	22400	672	2940	3804	10728	1384	11728	1340	616	11984	19916	4512	712	13612	3940	760	15212	3408	1012	19000	16548	4432	972
B13_1429_00173290	19.5	3490.47619048	1429	HCC-1395	12500	6964	B13_1429_00173290	1328	1384	76	28	420	144	1712	92	68	164	688	76	1512	1632	104	2056	1428	1572	2168	860	736	1844	552	2168	2052	84	792	136
B13_1429_00180640	130.625	29052.0952381	1429	HCC-1395	50000	23240	B13_1429_00180640	15696	14160	1100	1176	6844	6940	17008	2200	756	1724	9680	1620	12828	17484	9892	19684	13292	31336	10700	11220	9600	19804	9088	18396	21640	1600	11204	5384
B13_1429_00183480	116	22131.9047619	1429	HCC-1395	50000	23240	B13_1429_00183480	13712	15456	3812	2296	5820	9080	13900	5172	2480	1860	9268	1712	11756	14276	13468	18240	12948	16544	17744	9372	8136	15492	8996	15944	16616	2848	8500	10360
B15_1429_00173510	383.375	6253.9047619	1429	HCC-1395	6250	4244	B15_1429_00173510	2268	2372	84	76	264	968	5280	160	148	232	1020	140	2420	4076	3012	4384	2436	3244	4124	1656	1200	4604	896	4236	3672	204	984	3216
B15_1429_00177100	110.25	24367.8095238	1429	HCC-1395	23125		B15_1429_00177100	9352	9784	340	268	976	1440	11816	540	280	428	4496	352	8860	14248	976	17688	10172	13344	17076	4696	5804	19916	4888	15040	18032	640	24540	536
B15_1429_00180830	71.25	14341.9047619	1429	HCC-1395	25000	12380	B15_1429_00180830	7680	9440	388	1116	1868	2520	8624	1532	232	1464	4464	960	7672	7656	8736	10600	7384	14716	6544	3920	4220	9108	4116	9604	11988	976	3764	7800
B15_1429_00183680	98.625	18131.047619	1429	HCC-1395	25000	12380	B15_1429_00183680	9540	10428	1848	976	1624	5952	10588	3380	2020	1284	5420	1116	8644	11720	11108	12660	9452	12180	13728	5720	5536	13592	6356	13328	14280	1756	4796	2424
B17_1429_00177760	98.5	18801.7142857	1429	HCC-1395	11563		B17_1429_00177760	4344	8872	248	204	528	2780	11056	524	256	308	2772	236	6764	10384	10176	11668	8360	11372	13584	3460	3744	13852	4052	11712	15868	332	14676	6580
B23_1429_00173730	19.375	3631.61904762	1429	HCC-1395	12500	6964	B23_1429_00173730	1580	2636	940	948	1144	1484	52	272	352	1372	108	1944	60	52	2516	2712	344	80	1800	1456	648	2236	1000	560	2128	2216	184	48
B23_1429_00181020	138	29420.2857143	1429	HCC-1395	50000	23240	B23_1429_00181020	15544	18208	9528	11996	11508	11064	680	2940	7008	16368	3880	18628	8436	2072	20688	17696	7044	1348	14964	13364	8208	17436	10796	8884	21036	19388	1656	880
B23_1429_00183880	104.5	21557.4285714	1429	HCC-1395	50000	23240	B23_1429_00183880	13764	18324	10120	11184	12136	10944	1408	6664	7048	14116	6800	16476	10540	4796	16820	20048	6500	8324	11576	11676	7416	13116	9392	7548	12472	13396	3208	1656
B25_1429_00173950	382.875	8549.04761905	1429	HCC-1395	6250	4244	B25_1429_00173950	5376	7312	2028	2060	1996	2676	92	216	692	2788	516	5424	1016	236	5180	7140	556	204	3688	2112	664	5820	2620	892	6640	5844	1796	2536
B25_1429_00177320	134.125	28371.8095238	1429	HCC-1395	23125		B25_1429_00177320	14256	22216	6064	6728	9484	8764	324	912	4200	12156	776	21472	2300	452	22828	22368	1704	468	9904	8872	2152	14824	7488	3492	15308	14848	564	468
B25_1429_00181210	88.25	19904.0952381	1429	HCC-1395	25000	12380	B25_1429_00181210	14520	15664	7624	6336	7140	7592	960	2048	6856	12160	2976	17348	5000	1472	19628	14104	2272	1208	8928	6308	3168	12240	7176	4368	14184	11992	2488	892
B25_1429_00184080	116.625	22862.0952381	1429	HCC-1395	25000	12380	B25_1429_00184080	15256	18988	8608	8988	10916	7656	1100	3756	6136	15080	7964	17044	12484	4712	21108	21688	5324	1260	11656	8780	3272	14552	7660	5200	19316	14896	2556	1712
B27_1429_00177540	94.625	21024.2857143	1429	HCC-1395	11563		B27_1429_00177540	15516	15708	4104	3248	7536	6796	264	732	3192	7932	2208	12336	3736	332	14956	15952	940	332	6636	4940	992	11924	4580	1848	14056	12060	800	464
B13_1430_00173300	280.625	10992	1430	HCC-1419	25000	38292	B13_1430_00173300	5504	6780	1156	1016	3452	6532	8692	3408	8908	5584	2036	428	7780	6180	2376	10676	7752	9676	9604	9920	2104	8340	1976	2292	8172	1784	216	6628
B13_1430_00180650	197.125	40289.6190476	1430	HCC-1419	50000	59540	B13_1430_00180650	27228	24232	20556	6188	7076	3660	29684	3968	27688	23476	3168	1376	32136	27216	1516	36708	18164	44868	25608	33708	2092	32888	1944	4920	34808	1540	1272	31592
B13_1430_00183490	153.125	32149.4285714	1430	HCC-1419	50000	59540	B13_1430_00183490	15088	19308	21112	2800	25048	21996	26428	8028	24592	21728	4552	1472	24664	24676	4256	28952	19220	26844	28312	27636	4184	23376	3300	4248	28780	6816	1012	21640
B15_1430_00173520	328	33300.952381	1430	HCC-1419	12500	22396	B15_1430_00173520	9452	10180	464	248	2980	5588	19580	1064	12936	6500	676	436	21108	17148	668	22140	9516	19256	22384	22736	1032	9504	864	2008	19484	388	480	2628
B15_1430_00177110	308	72232.3809524	1430	HCC-1419	46250		B15_1430_00177110	24168	32160	39624	1676	44344	39148	52756	7500	26460	30912	1656	1044	59468	47700	10280	69716	32676	55224	57692	52500	3264	53352	4264	5992	55576	1120	64344	43456
B15_1430_00180840	96.75	17969.9047619	1430	HCC-1419	25000	38292	B15_1430_00180840	6848	6604	420	1292	1884	1704	5600	1068	6348	1768	1160	1012	12028	11152	2528	18004	7980	21536	10972	18320	780	12532	1768	1884	13412	1260	1312	14880
B15_1430_00183690	123.5	23880.4761905	1430	HCC-1419	25000	38292	B15_1430_00183690	8008	9892	7900	612	1204	696	9620	1356	11268	9832	1036	408	17828	14136	2840	14740	9152	17252	20820	21980	1700	11024	1332	1284	18004	1200	396	11024
B17_1430_00177770	238.625	48880.4761905	1430	HCC-1419	23125		B17_1430_00177770	13264	15448	1380	372	8808	11932	26192	2168	15100	14660	884	572	32884	20016	5856	44780	25320	38024	40144	41496	1128	31408	5516	3304	37196	864	24252	27204
B23_1430_00173740	124.875	12122.2857143	1430	HCC-1419	25000	38292	B23_1430_00173740	6940	10836	3416	2668	4904	10140	856	6028	4492	5676	2660	4680	2528	3128	10492	11748	6436	2732	9308	2712	224	7456	3820	1388	9212	9088	6152	1196
B23_1430_00181030	188	43442.3809524	1430	HCC-1419	50000	59540	B23_1430_00181030	26428	34636	8592	4812	18944	33328	1208	8984	4768	13432	1552	14828	4656	11652	35052	36632	22524	1756	27984	3652	1068	26468	4920	2076	35796	34020	29756	3280
B23_1430_00183890	131.875	27255.6190476	1430	HCC-1419	50000	59540	B23_1430_00183890	17520	22064	7720	4232	12780	22560	2844	17092	6104	12280	3860	10684	7328	3112	25928	26736	20484	6012	23024	3972	624	17380	4832	1276	18928	22308	17376	2740
B25_1430_00173960	195.75	24051.7142857	1430	HCC-1419	12500	22396	B25_1430_00173960	9688	17512	1888	508	5632	15240	300	2600	592	4280	268	4688	412	200	17560	17176	11568	308	11580	768	316	11600	1476	356	13396	13984	4220	332
B25_1430_00177330	252.875	63551.2380952	1430	HCC-1419	46250		B25_1430_00177330	25992	49956	7176	2144	20692	53324	9628	32064	13264	23728	12884	16544	4812	928	47376	63128	43908	984	47680	4000	852	30392	8012	940	48132	48624	31576	1196
B25_1430_00181220	130.625	29524.7619048	1430	HCC-1419	25000	38292	B25_1430_00181220	14440	25620	2824	2220	7868	24592	2100	6356	3200	8492	1720	5904	1800	1588	24844	27132	21120	2188	21660	1672	2184	15236	2160	1364	21104	19312	15664	1344
B25_1430_00184090	148	32948.0952381	1430	HCC-1419	25000	38292	B25_1430_00184090	16916	27060	3700	1132	9124	26748	2388	14132	3488	10184	3032	7160	1428	488	24996	30616	22064	1732	19592	1824	504	17196	3256	724	25152	24296	13144	1228
B27_1430_00177550	265.75	62429.2380952	1430	HCC-1419	23125		B27_1430_00177550	27100	51808	3140	828	8884	48920	9284	27040	9108	17764	7440	13784	1556	572	45672	52112	21844	852	29980	1144	788	29316	2180	1012	45828	48164	28652	1592
B13_1432_00174140	67.125	2922.95238095	1432	HCC-1500	50000		B13_1432_00174140	848	864	40	36	368	140	2084	44	100	56	524	48	1288	1592	80	2172	1820	2180	2368	2440	456	2028	216	1652	1644	60	392	148
B15_1432_00174130	220.25	5991.23809524	1432	HCC-1500	25000		B15_1432_00174130	768	824	76	76	120	120	2104	96	96	84	120	64	1708	2364	156	2096	1804	2472	2924	3052	240	1296	80	2160	2384	88	160	116
B15_1432_00177120	43	9736.28571429	1432	HCC-1500	92500		B15_1432_00177120	1152	1812	160	100	752	216	2852	156	140	172	392	108	3216	3912	268	4680	4696	5468	6220	6476	576	5216	212	3352	4704	152	8064	1536
B17_1432_00177780	41.875	7157.33333333	1432	HCC-1500	46250		B17_1432_00177780	1752	1340	128	56	884	168	2840	116	136	132	484	84	3452	2468	832	3432	3508	4396	5260	4844	328	3696	376	3680	3696	132	6600	5964
B23_1432_00174120	46.25	3297.80952381	1432	HCC-1500	50000		B23_1432_00174120	1940	2496	468	512	2272	2408	48	336	468	312	36	2136	256	44	2408	2960	1748	40	2216	728	156	1084	1360	120	1916	1712	72	52
B25_1432_00174110	33.75	7146.57142857	1432	HCC-1500	25000		B25_1432_00174110	2216	3256	184	244	2352	3000	92	144	168	204	88	2928	136	80	4152	5584	1904	80	2468	292	88	1936	1020	124	3260	2856	108	96
B25_1432_00177340	43.25	9591.61904762	1432	HCC-1500	92500		B25_1432_00177340	4700	7720	448	676	3600	7508	140	816	1600	628	128	4920	176	104	5160	7256	1792	140	3908	724	172	900	1444	224	5024	5292	216	176
B27_1432_00177560	41.375	8253.52380952	1432	HCC-1500	46250		B27_1432_00177560	3616	5452	524	452	3984	4360	104	724	1720	1128	124	3248	516	116	4672	5676	1360	128	2420	372	128	1816	1768	208	4432	4152	3280	224
B13_1433_00173310	170.125	5405.04761905	1433	HCC-1569	12500	22444	B13_1433_00173310	1680	2116	60	388	152	608	3852	480	1336	184	1016	72	2240	2176	1008	2992	2176	3384	3732	2168	988	3768	792	1820	2980	1076	240	836
B13_1433_00180660	234.5	44839.3333333	1433	HCC-1569	25000	36672	B13_1433_00180660	9972	12176	1360	1148	824	2848	15152	1380	5116	780	3784	876	10796	13100	6988	17636	11444	47056	7016	23588	4532	16488	3040	10812	25260	5096	1012	6344
B13_1433_00183500	100	18496	1433	HCC-1569	25000	36672	B13_1433_00183500	3476	4832	1712	592	616	1540	5748	980	2848	596	1800	348	5784	6752	3444	4684	4980	9192	9932	6704	1828	6824	1516	6660	11780	2120	484	3896
B15_1433_00173530	189.5	17194.4761905	1433	HCC-1569	6250	12168	B15_1433_00173530	1948	3372	136	152	364	492	9896	364	484	396	1192	184	4600	5032	288	3528	2628	5492	8228	2232	1320	6092	568	2804	6744	260	260	256
B15_1433_00177130	204.75	45389.5238095	1433	HCC-1569	23125		B15_1433_00177130	5796	8704	656	464	2648	1376	20600	976	868	944	2280	436	13428	16952	2864	11620	9460	17156	22352	7156	2760	23900	1884	6744	20840	688	41084	816
B15_1433_00180850	125	17901.3333333	1433	HCC-1569	12500	22444	B15_1433_00180850	3260	5104	464	1144	1188	1876	4136	1376	1264	1060	2200	600	3884	2736	2556	4324	3572	24188	3844	2328	1784	3560	1620	3632	5220	888	1120	6544
B15_1433_00183700	80.25	12125.7142857	1433	HCC-1569	12500	22444	B15_1433_00183700	1844	2504	416	256	208	316	2248	324	1224	284	780	152	2568	2708	1676	1832	2636	3600	4924	3068	804	6008	852	2048	3832	720	176	2080
B17_1433_00177790	148.375	31137.7142857	1433	HCC-1569	11563		B17_1433_00177790	2684	4604	236	212	500	604	7800	460	664	492	964	236	5468	9192	2092	8348	5468	8512	13772	3268	1232	13584	984	3236	11400	428	14328	5976
B23_1433_00173750	122.875	6780.19047619	1433	HCC-1569	12500	22444	B23_1433_00173750	3420	6948	1076	1320	1176	4564	108	364	192	1496	244	2292	312	324	3640	5096	788	388	2640	1788	568	3740	1128	896	3864	4684	2160	168
B23_1433_00181040	169.375	41304	1433	HCC-1569	25000	36672	B23_1433_00181040	11136	15316	4160	4816	6376	15916	452	1988	1108	7688	604	9092	1744	1472	15276	20116	1644	848	3920	5424	1108	11832	3204	2236	22356	26456	7796	2040
B23_1433_00183900	98.625	20070.0952381	1433	HCC-1569	25000	36672	B23_1433_00183900	7444	15020	3140	2688	3492	9240	696	896	988	3752	576	4084	2016	1092	6196	9832	1572	632	1780	2128	700	6272	1872	1504	8220	13364	2928	1116
B25_1433_00173970	136.5	21191.8095238	1433	HCC-1569	6250	12168	B25_1433_00173970	7152	8692	1936	1480	1672	9800	236	376	272	1904	200	3508	252	232	5588	10952	816	312	4292	2248	576	8212	1072	540	8812	8024	1468	276
B25_1433_00177350	205.875	47061.9047619	1433	HCC-1569	23125		B25_1433_00177350	14932	17024	4228	2772	4288	27976	520	988	840	7676	604	12648	572	744	16500	26232	1348	624	9608	4192	952	16760	2636	1568	22672	26264	2356	856
B25_1433_00181230	186.375	39304.7619048	1433	HCC-1569	12500	22444	B25_1433_00181230	10044	25320	4828	4128	4904	21380	2228	2340	2528	6736	2004	8848	4396	1716	9392	22224	3328	1952	2704	2836	2328	8816	2948	2772	17804	17836	10664	3240
B25_1433_00184100	109	26067.9047619	1433	HCC-1569	12500	22444	B25_1433_00184100	10412	17288	2920	2508	1696	14740	992	880	576	3244	468	4668	1208	636	7980	17412	2832	508	3292	1640	660	8520	1832	1096	17560	12252	2904	708
B27_1433_00177570	143.375	37860.3809524	1433	HCC-1569	11563		B27_1433_00177570	12372	21324	1952	1716	1692	19776	344	732	576	3264	520	6516	468	388	8756	22756	676	428	4816	1764	528	10476	1680	1116	16584	20736	3008	608
B13_1435_00173320	129.5	13009.2380952	1435	HCC-1806	6250	5532	B13_1435_00173320	2448	6432	160	204	1868	868	9688	260	472	360	2260	144	6956	5380	1684	7060	5548	5228	6480	5076	2316	5792	1328	6920	6816	484	308	3044
B13_1435_00180670	354	77590	1435	HCC-1806	25000	16224	B13_1435_00180670	16600	28152	1388	1376	25260	8468	43184	2264	1848	5016	13600	984	38624	25940	13780	40524	37288	78420	8672	33912	10620	34804	19444	30788	37460	3464	1068	26768
B13_1435_00183510	245.5	50947.3333333	1435	HCC-1806	25000	16224	B13_1435_00183510	12324	25908	3568	1848	11084	7172	32432	4884	4352	9956	9840	1080	31388	17456	15120	32068	21052	23824	21812	27088	10700	24684	13804	25860	29912	5440	1020	21540
B15_1435_00173540	328.875	26929.1428571	1435	HCC-1806	1562.5	1756	B15_1435_00173540	1140	2200	188	216	396	284	7804	244	260	316	1676	208	7084	1700	380	4276	5736	3760	6236	3876	1508	4536	576	7112	8388	332	328	292
B15_1435_00177140	399	89813.1428571	1435	HCC-1806	11563		B15_1435_00177140	6308	21572	932	884	4084	1464	36828	1068	856	980	4164	852	27324	17840	2284	39516	29496	27316	33404	23816	9256	28604	4840	31344	32896	1640	84048	2184
B15_1435_00180860	259.375	54980.1904762	1435	HCC-1806	12500	9460	B15_1435_00180860	8280	25360	760	852	3324	2604	35012	1160	784	1820	5872	664	27156	12564	15184	26728	45920	50692	4924	15200	8400	28516	7532	24372	38128	972	904	5000
B15_1435_00183710	287.125	53972.4761905	1435	HCC-1806	12500	9460	B15_1435_00183710	10304	22488	2632	1048	4704	3624	33624	2780	2176	7768	5856	984	34196	13692	16996	28216	24756	25764	25564	22172	7876	21888	12136	30436	28652	2548	676	15888
B17_1435_00177800	196.5	45271.8095238	1435	HCC-1806	2891		B17_1435_00177800	3656	10236	336	352	936	656	15936	484	460	700	1052	380	16548	8056	11800	20260	28912	17804	18184	7844	2876	17464	4532	25056	30152	776	19344	15040
B23_1435_00173760	78.5	13811.5238095	1435	HCC-1806	6250	5532	B23_1435_00173760	6144	9872	2224	1952	5424	9724	164	2880	1680	4052	1076	4784	168	192	7664	11940	3008	224	6912	3912	836	8756	2608	204	7976	8484	1480	240
B23_1435_00181050	375.25	85695.5238095	1435	HCC-1806	25000	16224	B23_1435_00181050	41816	53348	14160	13732	24972	40316	1352	22312	16144	19028	10432	26736	1308	3092	28804	36708	24640	1444	30232	23076	3956	40572	11336	1372	39668	53544	12260	3000
B23_1435_00183910	321.125	68792.2857143	1435	HCC-1806	25000	16224	B23_1435_00183910	46416	51884	19000	15664	29720	52152	4756	28604	18860	22788	18572	24352	4020	4676	33512	49016	33660	4136	25448	22896	4444	37868	13812	2316	52924	46428	23136	6900
B25_1435_00173980	160.5	28734.7619048	1435	HCC-1806	1562.5	1756	B25_1435_00173980	13828	9396	1432	1016	2056	4124	260	656	480	1376	248	2712	176	180	8528	9588	1672	336	6368	3036	484	18400	1344	380	7600	8552	348	332
B25_1435_00177360	319.5	81261.6190476	1435	HCC-1806	11563		B25_1435_00177360	43516	40092	5588	3292	9496	37568	856	3388	3872	5672	1404	11028	716	592	30872	43332	7624	976	17720	9040	1292	43084	5660	1052	26476	19992	1168	1016
B25_1435_00181240	276.125	64944.8571429	1435	HCC-1806	12500	9460	B25_1435_00181240	57148	50204	8284	9392	11128	41424	928	8876	9068	17804	3552	19320	1032	1408	26872	42172	12684	1176	23940	9552	2192	36736	7904	1540	68712	18584	9696	2312
B25_1435_00184110	316.5	68248.952381	1435	HCC-1806	12500	9460	B25_1435_00184110	49692	51072	12464	8276	18140	52376	7136	11796	15068	18824	21272	18928	4788	2320	37760	62840	39456	3848	17580	9040	2096	38708	10868	2084	51900	40708	25756	11640
B27_1435_00177580	222.125	52036.4761905	1435	HCC-1806	2891		B27_1435_00177580	20948	26412	2324	1428	4460	16312	628	1332	1960	4696	668	8412	404	304	14956	38692	2456	684	9628	5440	752	31496	4936	756	17068	17548	1668	2736
B13_1436_00173330	220.25	4995.04761905	1436	HCC-1937	6250	12120	B13_1436_00173330	2140	3040	416	140	1104	2344	3520	920	888	1176	1740	340	3412	3036	2392	4760	3504	4764	4604	2980	1528	3576	1896	3724	3264	1252	660	1356
B13_1436_00180680	198.5	40111.5238095	1436	HCC-1937	25000	34912	B13_1436_00180680	23192	20924	9792	1908	19652	20824	28808	8796	5736	13628	17488	3256	28080	28532	22052	35668	27292	42488	17648	32912	17028	29360	20184	30468	33104	17276	3696	17956
B13_1436_00183520	129.375	27245.8095238	1436	HCC-1937	25000	34912	B13_1436_00183520	11292	15984	8740	2348	16232	14148	23020	7172	5924	13864	10636	1704	19084	18992	14868	20632	17268	20968	24324	22044	11200	17852	13080	20616	23116	7956	3852	14668
B15_1436_00173550	330.625	16598.952381	1436	HCC-1937	3125	7332	B15_1436_00173550	2700	3452	224	240	2244	1268	12688	384	296	788	1932	284	8340	6980	820	10000	6704	9292	9988	6892	3284	6608	1768	9396	11188	232	412	324
B15_1436_00177150	153.5	35995.9047619	1436	HCC-1937	11563		B15_1436_00177150	9540	14904	832	488	10380	7180	26248	1080	636	2584	6208	728	20100	18116	4908	31072	16712	26256	28936	18052	8816	21944	8652	21016	25796	1260	27484	804
B15_1436_00180870	72	15423.9047619	1436	HCC-1937	12500	19488	B15_1436_00180870	6888	11424	1300	664	3284	4708	11804	2136	580	2564	5280	632	11168	8292	7352	16048	11756	16720	6256	7380	7344	6096	6404	9752	12940	1156	1924	10412
B15_1436_00183720	72.5	15074.0952381	1436	HCC-1937	12500	19488	B15_1436_00183720	5012	9116	2356	660	2340	3120	8808	2020	1000	2800	4344	436	10340	11600	5336	11340	8544	10776	11812	8368	3752	6916	4428	11496	12124	1240	1128	9368
B17_1436_00177810	122.375	24880.1904762	1436	HCC-1937	5781		B17_1436_00177810	4812	9164	400	268	3656	4884	21464	544	396	920	3816	328	14936	11492	11452	14844	12152	14508	27288	7900	4556	12704	5300	12080	17020	640	16800	14740
B23_1436_00173770	100.625	5456.28571429	1436	HCC-1937	6250	12120	B23_1436_00173770	3524	4788	1624	1684	2828	4272	120	2820	1940	2888	600	4404	532	180	4288	4560	1772	612	3372	2560	968	3800	2760	364	4044	4416	3600	468
B23_1436_00181060	174.25	39832.3809524	1436	HCC-1937	25000	34912	B23_1436_00181060	27828	26868	18500	20516	17296	34500	700	23184	19164	24212	4060	28084	4292	1864	31324	29548	10796	3192	24984	21116	7420	27636	16972	3344	31924	34868	27340	1572
B23_1436_00183920	127.375	26496.1904762	1436	HCC-1937	25000	34912	B23_1436_00183920	21248	22136	11368	13536	15856	25056	2372	19392	13860	16380	3564	17144	5308	3128	22860	23396	8152	3072	21396	13792	5052	16580	11008	2272	15788	22420	11844	2656
B25_1436_00173990	70.5	16402.5714286	1436	HCC-1937	3125	7332	B25_1436_00173990	9660	10684	2764	2428	3004	9028	216	2584	2076	2224	324	8788	336	212	11776	16800	2568	236	7028	3636	664	10328	4292	348	11892	10940	2492	264
B25_1436_00177370	134.5	34640.4761905	1436	HCC-1937	11563		B25_1436_00177370	17836	22004	7308	8284	10684	25932	520	15176	10128	15040	2088	23300	536	500	21048	27868	4264	536	19180	8476	2092	16988	11804	968	23280	28628	5308	596
B25_1436_00181250	105.25	25234.1904762	1436	HCC-1937	12500	19488	B25_1436_00181250	21396	16772	9248	10424	10640	23868	1112	17888	13168	15520	7340	18944	3972	1272	19268	19600	5596	1256	8480	10232	3120	11272	9552	1984	21132	19420	17644	1956
B25_1436_00184120	117.125	26610.3809524	1436	HCC-1937	12500	19488	B25_1436_00184120	18724	22692	8576	8548	11216	22940	1656	17092	10332	14184	3392	16996	4612	892	20000	25072	5812	896	13024	7168	1764	12960	8624	1288	19788	22220	8752	1520
B27_1436_00177590	94.125	22729.047619	1436	HCC-1937	5781		B27_1436_00177590	13616	15848	4120	2908	6236	19772	704	11640	4960	11728	2212	14532	1484	288	17724	15764	2152	284	8612	3800	684	9172	6108	540	12224	21204	13208	2080
2012-10-24 5:46:33 PM	135.75	10208.3809524	1437	HCC-1954	3125	4080	2012-10-24 5:46:33 PM	284	1608	84	100	888	168	6620	200	172	256	284	152	7648	3640	172	3852	1316	9284	7628	6552	612	5704	880	3560	5368	124	136	1888
B13_1437_00173340	179	4384.66666667	1437	HCC-1954	6250	7208	B13_1437_00173340	516	1680	68	172	956	900	3576	396	1244	1172	384	44	2024	1584	380	3884	1336	5228	4768	4544	456	3752	1084	2104	3528	296	104	1300
B13_1437_00180690	224.25	38469.1428571	1437	HCC-1954	12500	12124	B13_1437_00180690	10392	12892	2648	584	7872	9292	21016	4304	4220	8160	1852	448	24208	16520	1316	25304	5124	42872	16064	35432	2316	28472	4856	15508	37224	1660	1180	18224
B13_1437_00183530	149.625	29601.8095238	1437	HCC-1954	12500	12124	B13_1437_00183530	3196	7880	4660	864	13028	9652	19380	4084	6348	10664	1860	512	21664	15344	3320	21208	6232	24856	24856	27536	3484	18524	5984	13132	26408	2228	548	7600
B15_1437_00177160	388.75	87938.5714286	1437	HCC-1954	11563		B15_1437_00177160	5940	24060	1184	864	25148	5260	63428	1844	1200	1864	1476	856	42796	31628	1512	63640	14912	61748	66200	47936	4712	68228	8036	33120	66020	1504	78240	2996
B15_1437_00180880	76	13664.952381	1437	HCC-1954	6250	7208	B15_1437_00180880	1940	5232	612	716	1232	2288	5048	1472	1488	2560	1108	328	6924	5392	1128	9016	2656	16636	5064	13916	768	10904	1604	4820	9836	580	736	9596
B15_1437_00183730	76	11831.8095238	1437	HCC-1954	6250	7208	B15_1437_00183730	944	3556	616	112	1652	1924	3428	936	1028	2848	512	148	6720	4676	1212	5616	1864	14416	7268	12112	1264	9928	1596	7108	14248	984	160	2012
B17_1437_00177820	363.125	66566.952381	1437	HCC-1954	5781		B17_1437_00177820	4688	13984	980	592	13472	4632	42432	2804	1220	13264	912	652	39668	16160	4796	41392	16340	49940	61460	36200	2836	60892	11952	28988	47760	1128	34340	33164
B23_1437_00173780	165.625	5354.95238095	1437	HCC-1954	6250	7208	B23_1437_00173780	3216	4032	1000	168	1384	4324	72	1284	604	988	376	1852	396	72	4548	5992	1012	96	2900	840	112	3652	784	124	2560	4856	3136	144
B23_1437_00181070	141.25	31703.047619	1437	HCC-1954	12500	12124	B23_1437_00181070	12188	22928	6152	524	7600	24076	568	5836	2380	9544	900	12464	3480	624	21012	23060	5560	424	12900	4684	620	15640	1212	524	20640	24888	20936	548
B23_1437_00183930	121.25	22704.4761905	1437	HCC-1954	12500	12124	B23_1437_00183930	16052	18396	5156	940	7068	24552	1884	6560	1476	7236	1932	10768	2560	676	14504	22440	8376	864	11860	4184	616	13568	2032	468	11776	15256	8684	884
B25_1437_00174000	66.875	15071.5238095	1437	HCC-1954	3125	4080	B25_1437_00174000	6276	10452	1080	272	3420	7300	184	1448	240	980	248	2656	168	92	13200	6208	592	208	2528	844	208	13720	1124	260	7072	10592	468	172
B25_1437_00177380	340.5	82473.7142857	1437	HCC-1954	11563		B25_1437_00177380	41740	64264	8924	1208	22364	66660	1276	17244	3332	17068	3344	27360	4416	892	55040	63000	15440	1228	31696	6404	1072	35376	4656	1356	61756	38120	33108	1268
B25_1437_00181260	149.5	32907.047619	1437	HCC-1954	6250	7208	B25_1437_00181260	20048	28900	4228	1380	6196	31496	1368	6072	4040	11272	4216	14368	2624	1024	25336	29076	6712	1012	8640	2248	1072	20496	2244	872	29216	19016	26528	744
B25_1437_00184130	128.875	28428.1904762	1437	HCC-1954	6250	7208	B25_1437_00184130	18080	23356	3500	632	6164	21576	1544	8308	2904	4696	1508	10460	1988	344	17140	23964	6880	744	10796	2124	496	17552	2728	544	15732	17992	5092	596
B27_1437_00177600	330.375	77002.0952381	1437	HCC-1954	5781		B27_1437_00177600	42704	63320	5164	1088	19964	63452	5456	26892	5548	9572	5076	23316	4008	552	48584	55212	12768	1064	21124	3644	948	32312	4932	1104	60016	39552	59216	3264
B13_1438_00173350	184	8338.85714286	1438	HCC-202	50000	28888	B13_1438_00173350	3204	4392	216	564	2572	6052	6432	3780	2980	3832	1964	252	6116	5744	1912	9244	4376	5116	6884	4996	1612	6652	2044	3252	5628	1080	424	812
B15_1438_00173570	178	23510.5714286	1438	HCC-202	25000	18420	B15_1438_00173570	4216	5368	240	256	7092	7860	15328	3932	928	1236	1328	312	15772	15356	780	18680	7252	11588	16268	7376	1240	11824	1724	3872	12112	352	456	1280
B23_1438_00173790	96	9050.95238095	1438	HCC-202	50000	28888	B23_1438_00173790	3840	7124	3336	2864	4544	7676	312	4412	2416	3964	888	5360	1652	988	7132	8864	4256	628	7288	3248	916	5564	2216	1240	6296	7448	5108	172
B25_1438_00174010	93.5	21222.3809524	1438	HCC-202	25000	18420	B25_1438_00174010	6200	16108	2492	2388	6088	17624	284	3184	1484	4652	320	7112	436	224	16236	18396	5860	324	11772	2432	516	10448	1220	544	13480	12672	7212	244
B13_1440_00173360	161.25	8651.80952381	1440	HCC-2218	25000	40136	B13_1440_00173360	2072	3600	48	44	780	840	5328	352	2008	868	2092	144	4684	5180	316	6236	4048	6320	6372	7032	1360	6072	1172	976	4232	104	608	1700
B13_1440_00180700	304.5	64474.4761905	1440	HCC-2218	50000	64672	B13_1440_00180700	12736	18340	2336	7080	7140	4188	26620	10488	16952	14868	14476	1744	33820	38968	2324	55788	22512	71700	18204	63188	7204	48348	5968	4536	40080	2588	3252	24764
B13_1440_00183540	236.25	50724.952381	1440	HCC-2218	50000	64672	B13_1440_00183540	14660	19820	27204	5868	50868	41792	33580	16048	39272	34088	15920	1888	35420	33124	5120	38816	20280	34352	36360	44528	8492	36892	7156	4016	39412	5928	2768	29820
B15_1440_00173580	171.375	22462.1904762	1440	HCC-2218	12500	27280	B15_1440_00173580	1280	2084	120	164	540	376	11416	388	344	380	1336	252	11760	11748	296	9960	4556	8708	10748	8348	1148	6924	824	772	8220	280	308	984
B15_1440_00177170	511.125	127862.857143	1440	HCC-2218	46250		B15_1440_00177170	11340	26500	5744	1468	43664	33488	68024	4428	28960	25628	6488	1560	81752	72932	2032	55832	38204	64228	85320	82636	5636	94912	6056	4344	73108	2036	62708	48140
B15_1440_00180890	63.125	13875.8095238	1440	HCC-2218	25000	40136	B15_1440_00180890	2900	2876	636	1744	1724	2320	1184	1132	1784	1064	2020	980	4004	4972	1248	6640	5756	15972	2372	20892	944	7776	1540	1416	6096	656	1372	3504
B15_1440_00183740	141.875	29456.952381	1440	HCC-2218	25000	40136	B15_1440_00183740	3052	2952	1840	376	804	560	2124	684	9544	4312	2472	440	13396	10976	1896	11432	6588	15164	12456	23856	2648	14840	1876	1040	15020	1208	376	9740
B17_1440_00177830	368	76950.5714286	1440	HCC-2218	23125		B17_1440_00177830	6968	12468	1412	424	1136	860	7820	2264	21680	2560	2764	808	35156	36824	1380	35188	27548	36688	38048	60696	2624	52892	2772	1528	45180	1000	6320	12640
B23_1440_00173800	114.875	8761.04761905	1440	HCC-2218	25000	40136	B23_1440_00173800	4096	7212	2108	3104	3944	6336	128	740	2560	968	160	1136	1156	76	6092	7056	4112	116	5116	2508	1244	5192	2556	2772	7144	6736	1292	104
B23_1440_00181080	187.125	48497.4285714	1440	HCC-2218	50000	64672	B23_1440_00181080	14124	26588	6556	11948	16476	39556	2088	16400	9452	3680	1700	4756	5988	7380	15940	25016	15368	1184	15076	6016	4200	9576	6532	12980	26348	28660	20712	1816
B23_1440_00183940	201.375	46952.2857143	1440	HCC-2218	50000	64672	B23_1440_00183940	18688	34660	8384	15144	19256	45008	4460	31924	12004	4336	1892	6672	5652	10216	23584	35812	23668	3344	23692	8916	5820	18192	9268	13404	17484	31064	23424	2716
B25_1440_00174020	126.625	19144.4761905	1440	HCC-2218	12500	27280	B25_1440_00174020	4972	11408	948	1704	4332	11904	192	336	864	420	136	420	124	176	9476	15404	3944	216	5704	1064	272	4728	1160	604	9168	10080	232	200
B25_1440_00177390	489	121371.904762	1440	HCC-2218	46250		B25_1440_00177390	33312	94704	5288	11764	28692	100336	1984	41376	11924	3740	1284	6372	3248	1156	86940	109776	36872	1688	52608	6884	2184	42284	8528	5480	79708	78052	29792	1496
B25_1440_00181270	128.375	34854.952381	1440	HCC-2218	25000	40136	B25_1440_00181270	14436	26812	3692	5916	9348	26464	3488	13508	6140	2812	2632	2924	2984	2436	18480	25436	6300	1788	9680	2332	3400	7620	3032	4096	24832	21236	12132	1012
B25_1440_00184140	125.75	32007.9047619	1440	HCC-2218	25000	40136	B25_1440_00184140	12240	22592	3312	4756	7692	30396	2124	14044	4452	1260	436	1384	1056	492	14952	21536	9484	1008	9652	2084	596	9252	2312	1568	21900	18000	3412	520
B27_1440_00177610	354.625	87320.7619048	1440	HCC-2218	23125		B27_1440_00177610	20292	73264	2780	4776	9508	81448	1096	28000	5480	1568	760	2612	972	672	55692	73280	5512	1008	17860	2824	952	32932	3296	1476	53432	49640	14076	1028
B13_1441_00173370	67.75	1863.23809524	1441	HCC-38	3125	5008	B13_1441_00173370	612	824	80	24	488	720	1756	232	232	208	344	24	1080	1220	548	1212	1224	1752	1676	280	404	1556	316	868	1440	220	28	416
B13_1441_00180710	167	35933.5238095	1441	HCC-38	25000	28976	B13_1441_00180710	23720	21060	15792	22664	15276	19944	25692	10712	7748	11888	9296	560	23688	20884	18960	23340	25856	44560	24356	19784	16444	30256	16532	26344	32608	14888	960	21864
B13_1441_00183550	148.875	31805.6190476	1441	HCC-38	25000	28976	B13_1441_00183550	19288	20296	18280	17956	16944	20820	22900	17716	12456	19720	9968	908	20984	23008	19396	27792	22524	26984	27604	20832	14096	24196	18104	22596	28564	18344	2328	23548
B15_1441_00173590	97.75	5545.14285714	1441	HCC-38	12500	16544	B15_1441_00173590	1476	1208	80	72	420	140	3512	84	60	72	216	52	1324	1256	100	2584	1112	1024	1356	324	448	1376	424	1348	1240	68	60	88
B15_1441_00177180	93.875	19981.9047619	1441	HCC-38	5781		B15_1441_00177180	6892	10272	528	336	4920	4576	16708	796	444	520	2096	232	8116	11600	2856	15020	11908	12940	16188	3640	3140	15052	4288	7196	11052	408	15424	512
B15_1441_00180900	117.125	24340.0952381	1441	HCC-38	12500	16544	B15_1441_00180900	13136	12376	4344	1356	5728	7692	16096	4156	1860	3676	3436	356	12812	11420	9872	17264	17932	28176	5764	5320	4500	12420	9068	13260	11456	836	1108	7524
B15_1441_00183750	133	26478.3809524	1441	HCC-38	12500	16544	B15_1441_00183750	14244	15732	10828	8536	7196	11508	15324	11996	5344	9464	4260	564	16676	14300	17028	24836	16968	24368	24088	11424	8996	19220	13704	17024	19996	8344	1152	18256
B17_1441_00177840	53.375	11358.7619048	1441	HCC-38	2891		B17_1441_00177840	4012	5692	156	132	1436	2032	9200	1920	228	228	512	140	6832	5284	4072	5148	7508	7024	7020	700	756	7824	2668	3052	5812	232	13264	4988
B23_1441_00173810	19.25	1972	1441	HCC-38	3125	5008	B23_1441_00173810	1164	1720	256	236	1152	1856	20	788	540	660	136	1408	28	56	1340	1532	304	68	1372	416	44	1600	760	44	1680	1496	368	36
B23_1441_00181090	186	38691.5238095	1441	HCC-38	25000	28976	B23_1441_00181090	26136	33252	11804	15960	32652	27800	812	25248	19548	27664	7120	28752	10624	12360	30088	31860	10588	7616	27192	14844	1200	26028	17868	1820	35244	29840	24808	3008
B23_1441_00183950	211.5	44552.6666667	1441	HCC-38	25000	28976	B23_1441_00183950	35172	37420	14840	17220	42372	33664	4436	26636	24188	29948	15028	30740	15248	14612	39228	46580	16944	18840	34836	18424	3372	29252	21316	3536	36600	35044	28408	9748
B25_1441_00174030	27.25	5764.95238095	1441	HCC-38	12500	16544	B25_1441_00174030	2532	3076	356	452	344	2724	80	856	476	1288	56	740	64	64	1512	3580	256	100	2028	408	80	4236	1428	96	3136	2692	404	88
B25_1441_00177400	83.75	19395.2380952	1441	HCC-38	5781		B25_1441_00177400	13508	15952	2208	1804	9008	10336	300	5840	5296	10112	1204	9212	264	220	12504	17164	1996	288	12176	3388	312	17632	4288	368	8516	12164	444	304
B25_1441_00181280	140.25	30330	1441	HCC-38	12500	16544	B25_1441_00181280	24312	22028	5556	5976	17520	16880	1024	10512	12324	14844	7012	18560	4560	1920	22892	22360	6196	2252	22072	6024	1604	18156	14736	1568	20344	27912	11708	1192
B25_1441_00184150	154.625	31327.5238095	1441	HCC-38	12500	16544	B25_1441_00184150	25512	29732	8600	7796	24900	24088	10256	18180	15624	22548	12328	22736	9608	5920	30280	30152	11524	6336	19944	8456	1088	21484	15540	2416	29180	24308	22928	11236
B27_1441_00177620	50	11479.7142857	1441	HCC-38	2891		B27_1441_00177620	5552	8252	1084	640	4532	8432	616	3128	2068	3348	868	6764	340	120	4516	6124	2120	152	5660	1376	200	10528	5936	196	5556	8352	1416	312
B13_1442_00173380	131.75	6201.14285714	1442	HCC-70	12500	9404	B13_1442_00173380	1976	3136	96	68	1596	1036	5060	124	264	372	1696	60	3044	1272	1508	8112	2124	6608	6064	3128	1148	2648	896	4000	4864	488	80	2300
B13_1442_00180720	211.75	40982.8571429	1442	HCC-70	25000	21476	B13_1442_00180720	13700	15716	1072	556	13460	2056	20896	660	932	2756	5068	460	10608	7200	5792	24620	7740	41040	15184	10820	3392	11220	2368	29928	31756	8548	608	4032
B13_1442_00183560	100.5	19078.5714286	1442	HCC-70	25000	21476	B13_1442_00183560	7060	9700	1332	1060	4788	1752	13644	1664	1836	2328	4716	456	8600	5156	4396	17252	5984	16280	13816	6776	3060	6576	2360	16056	13968	3204	496	10792
B15_1442_00173600	267.875	24548.4761905	1442	HCC-70	6250	4876	B15_1442_00173600	3332	4128	224	264	1240	412	14540	380	404	408	1776	248	8104	4136	500	20136	3616	12360	14984	2624	1128	5212	456	10364	12900	312	328	364
B15_1442_00177190	199.125	42763.7142857	1442	HCC-70	23125		B15_1442_00177190	8148	11016	580	472	6624	1380	31012	708	656	672	5184	384	11200	6696	2728	46732	7524	33308	41188	14420	3188	13156	2348	30132	34724	684	39528	932
B15_1442_00180910	125.375	23299.047619	1442	HCC-70	12500	9404	B15_1442_00180910	6492	7364	440	500	1992	1624	8424	700	336	1188	1864	212	6744	3216	4052	15792	5484	24856	1648	4872	1788	3588	1276	10400	18004	636	428	1232
B15_1442_00183760	102.75	16186.952381	1442	HCC-70	12500	9404	B15_1442_00183760	4648	7968	936	552	2784	724	8708	1168	896	1260	3016	356	6700	3248	5012	17688	5180	16988	15108	5056	1796	4528	1824	12744	13052	1720	296	10036
B17_1442_00177850	146.25	28788.8571429	1442	HCC-70	11563		B17_1442_00177850	5436	6400	280	276	1776	540	16356	424	376	660	2236	180	6860	3980	11420	34168	6124	35460	33076	9428	1556	9176	1888	25632	29104	468	22096	13484
B23_1442_00173820	56.625	7876.0952381	1442	HCC-70	12500	9404	B23_1442_00173820	4160	6044	2156	2180	1852	4924	96	1184	988	3028	512	5316	216	84	5292	7424	3216	120	2932	3208	132	5256	1476	120	4524	5288	168	104
B23_1442_00181100	165	37933.2380952	1442	HCC-70	25000	21476	B23_1442_00181100	17692	23152	16024	10692	2948	28080	584	3324	3468	15552	1280	18768	1880	676	21480	29744	6300	756	4764	15344	588	19316	4352	564	24952	23148	968	1036
B23_1442_00183960	142.5	30598	1442	HCC-70	25000	21476	B23_1442_00183960	18164	28036	10308	10692	9572	31876	2276	9156	4788	16980	3676	21704	5228	1624	18320	28640	11688	1880	15312	12936	1488	18168	6952	832	23692	22628	3100	1676
B25_1442_00174040	114.625	26575.2380952	1442	HCC-70	6250	4876	B25_1442_00174040	14048	15372	3248	4064	1732	9008	292	820	432	1588	484	8740	468	388	14648	23336	4428	356	4216	5272	392	16256	1700	368	16500	6016	392	404
B25_1442_00177410	197.625	45717.4285714	1442	HCC-70	23125		B25_1442_00177410	21164	35328	8400	8264	6760	34324	596	5804	2148	16060	1860	27544	1316	656	39932	36500	10092	664	7608	10424	604	20304	4236	652	39280	22716	1016	916
B25_1442_00181290	184.5	44898.3809524	1442	HCC-70	12500	9404	B25_1442_00181290	21260	33352	7560	6800	6584	30316	1244	6564	4976	23312	2724	34044	4228	1088	31396	41488	4736	628	4024	9716	1696	18108	5128	1300	31988	24064	2676	1136
B25_1442_00184160	127.75	25981.3333333	1442	HCC-70	12500	9404	B25_1442_00184160	15760	25536	7492	7036	6516	25532	1796	6844	4696	11888	6912	15636	3444	952	24640	27512	9720	1184	7196	5036	656	16504	4332	716	20972	15536	5644	4684
B27_1442_00177630	159.25	37996.7619048	1442	HCC-70	11563		B27_1442_00177630	21724	36376	5224	5740	5260	26384	552	7020	3308	11560	6288	24340	4180	488	28204	36508	8724	492	4052	5500	468	18896	3332	572	30896	23304	2052	752
2012-10-31 3:20:16 PM	204.625	50757.1428571	1409	MCF10DCIS.COM	2891		2012-10-31 3:20:16 PM	2828	3024	2252	468	2704	1988	7008	1784	748	1136	948	428	6852	1672	4940	13024	3936	7420	7520	6364	1400	4364	2996	5836	8084	772	50944	3424
B13_1409_00173390	211.5	993.047619048	1409	MCF10DCIS.COM	1562.5	2788	B13_1409_00173390	144	192	128	48	200	156	404	204	208	208	104	12	168	212	396	1212	328	568	328	484	208	420	180	324	460	80	20	296
B13_1409_00180730	130	27514.4761905	1409	MCF10DCIS.COM	6250	8548	B13_1409_00180730	5456	4816	4664	544	6656	6300	10248	4908	3976	5028	2832	412	9788	4884	8436	16080	7680	31840	6500	11036	3508	8504	6008	10560	13580	1392	920	10056
B13_1409_00183570	109.875	19668.6666667	1409	MCF10DCIS.COM	6250	8548	B13_1409_00183570	4184	3888	2760	728	3360	4144	6524	3380	3716	2836	2060	328	6556	3476	6456	11068	4544	8160	7944	7012	2528	6092	3212	7856	7060	1464	444	7144
B15_1409_00173610	174.125	4270.85714286	1409	MCF10DCIS.COM	781		B15_1409_00173610	488	456	144	48	296	200	476	180	92	244	168	44	664	288	512	1500	660	912	1020	828	256	844	208	496	940	44	40	884
B15_1409_00180920	206.625	46262.8571429	1409	MCF10DCIS.COM	1562		B15_1409_00180920	4808	4356	1920	496	3356	3760	6208	2316	1524	2464	1200	320	6176	1848	6884	18984	6780	42568	4600	5600	1928	7000	3448	8612	10140	720	508	6912
B15_1409_00183770	122.875	24670.1904762	1409	MCF10DCIS.COM	1562		B15_1409_00183770	3940	2300	1520	464	1368	2748	3860	1284	2444	2424	1100	300	5044	2084	6564	12212	5704	7844	6496	4708	1652	3984	2464	4424	6400	1248	376	4968
B17_1409_00177860	258.375	62625.1428571	1409	MCF10DCIS.COM	1445		B17_1409_00177860	2952	2600	1364	520	1812	2452	4572	1552	832	1736	808	544	6048	1596	3856	17840	3612	6412	6116	4716	1452	5784	2616	5932	11468	904	54896	3352
B23_1409_00173830	107.875	873.619047619	1409	MCF10DCIS.COM	1562.5	2788	B23_1409_00173830	232	448	136	124	144	352	32	188	176	308	212	420	200	160	404	420	456	24	168	144	68	264	168	32	648	620	476	328
B23_1409_00181110	122.5	27844.7619048	1409	MCF10DCIS.COM	6250	8548	B23_1409_00181110	10048	14100	3516	3396	5904	10580	744	5336	3536	5892	5480	11072	3956	2928	14744	11996	12680	1160	2512	3728	1096	9652	4912	864	13372	13852	11908	5620
B23_1409_00183970	106.25	25443.2380952	1409	MCF10DCIS.COM	6250	8548	B23_1409_00183970	9316	10852	2848	2068	6768	8356	1588	4496	4228	5892	3976	11876	5104	3284	9876	11536	14876	2768	1756	2912	1240	9512	5556	936	13596	13228	12112	5100
B25_1409_00174050	43.875	3830.95238095	1409	MCF10DCIS.COM	781		B25_1409_00174050	412	1052	168	176	284	420	36	244	236	592	200	864	176	56	820	732	912	48	128	128	64	928	184	52	1208	1040	632	416
B25_1409_00177420	251.625	65231.7142857	1409	MCF10DCIS.COM	2891		B25_1409_00177420	6492	7436	1616	1020	2820	5956	584	2452	1760	3704	1404	8856	832	484	8400	6628	13296	804	888	1796	712	8228	3012	772	8456	8012	6276	1784
B25_1409_00181300	235.125	58872.3809524	1409	MCF10DCIS.COM	1562		B25_1409_00181300	7928	10384	1404	1652	4644	7128	772	4008	2664	5416	2980	18764	5056	1428	7912	13216	15144	744	796	1980	780	7996	4608	972	10932	12176	14320	4280
B25_1409_00184170	116.875	23370.6666667	1409	MCF10DCIS.COM	1562		B25_1409_00184170	5788	8300	1468	944	2520	3864	2056	2312	2268	4308	2036	15784	3980	1484	7200	7512	14036	1332	512	1096	404	5164	4144	648	8708	7752	6864	5296
B27_1409_00177640	323.625	79258.5714286	1409	MCF10DCIS.COM	1445		B27_1409_00177640	11008	19592	1260	1220	3244	8396	1128	3300	2488	4296	1584	5000	2612	620	9692	9504	19464	952	880	1548	864	8356	3160	932	6960	7596	5864	2196
B13_1447_00173400	18	2894.76190476	1447	MCF7	3125	3584	B13_1447_00173400	952	660	92	24	976	204	1372	136	620	588	224	60	992	1528	316	1520	1052	796	808	1148	180	1648	52	1400	1768	80	668	676
B13_1447_00180740	72.875	13463.5238095	1447	MCF7	6250	7452	B13_1447_00180740	9044	3944	388	484	5900	568	6304	700	2224	1780	1876	520	7500	8040	2028	7648	4776	12356	1856	6672	1304	8720	236	8036	7380	976	4672	5124
B13_1447_00183580	63.75	13587.3333333	1447	MCF7	6250	7452	B13_1447_00183580	6532	4076	768	1728	4788	1348	6224	844	4892	6532	2212	752	6648	7544	4252	5828	4324	2492	2292	8840	1648	8124	792	7136	8376	2252	2796	4604
B15_1447_00173620	150.25	14474.5714286	1447	MCF7	1562.5	1856	B15_1447_00173620	2488	1600	152	196	2928	272	5768	180	496	1196	468	192	3200	5332	356	2124	1968	1008	1380	2736	488	3472	172	3828	4948	180	1968	2448
B15_1447_00177210	147.625	35941.4285714	1447	MCF7	5781		B15_1447_00177210	8916	6548	888	448	10304	888	15756	596	3064	2024	1928	396	12524	12768	7544	10452	5012	3408	3508	10500	1472	13748	556	13184	14320	552	31828	5668
B15_1447_00180930	48.125	9658.85714286	1447	MCF7	3125	3584	B15_1447_00180930	3740	2376	380	1132	3192	640	3964	312	2756	1980	988	388	3944	4328	3564	4184	2584	9360	684	6628	636	5296	132	3520	3340	268	1904	3432
B15_1447_00183780	65.75	12094.952381	1447	MCF7	3125	3584	B15_1447_00183780	3380	3312	500	916	3544	644	4140	392	2464	2608	1236	420	5172	3256	4480	3832	3128	1552	1220	3184	784	4716	576	5228	6000	848	2052	2620
B17_1447_00177870	128.25	28105.1428571	1447	MCF7	2891		B17_1447_00177870	5656	2708	364	236	6084	552	16772	360	880	4652	792	292	6508	8744	6068	4460	2568	1756	1656	6516	540	9592	440	6896	14368	364	10448	5028
B23_1447_00173840	14.5	3162.38095238	1447	MCF7	3125	3584	B23_1447_00173840	992	1372	328	252	752	1868	68	440	492	1212	212	1908	840	204	1284	2396	1584	84	1940	356	580	1256	396	740	1868	2160	976	300
B23_1447_00181120	54	14271.2380952	1447	MCF7	6250	7452	B23_1447_00181120	3900	7004	1756	1480	4064	10012	304	1660	1860	7776	1460	9468	5704	980	3600	6792	4836	236	5948	1972	2932	5768	1220	3688	7676	7272	5388	1632
B23_1447_00183980	70.375	15446.6666667	1447	MCF7	6250	7452	B23_1447_00183980	8572	13300	3516	2308	4396	10536	1092	3784	2652	11628	2440	10408	4976	3904	3912	8636	7368	1920	8012	2836	2696	7056	1824	3516	8816	10240	5300	1964
B25_1447_00174060	93.875	21512.3809524	1447	MCF7	1562.5	1856	B25_1447_00174060	4340	9764	1084	820	2044	7312	276	1616	1228	5540	552	7276	656	284	3268	12520	4884	284	8296	1176	1972	5752	1152	2216	7256	9512	4200	492
B25_1447_00177430	113.125	27765.5238095	1447	MCF7	5781		B25_1447_00177430	6200	17300	1520	920	2952	13392	320	1932	1664	9952	696	13848	872	468	4304	14188	4900	340	9128	1320	2732	7900	1096	3084	9908	12252	3440	932
B25_1447_00181310	71.625	17762.7619048	1447	MCF7	3125	3584	B25_1447_00181310	4604	18228	776	1124	928	10152	400	2220	1396	4956	1776	10764	2556	1376	3164	13048	6144	824	5040	840	1572	3560	956	2060	7152	9944	4832	2800
B25_1447_00184180	85.75	18077.4285714	1447	MCF7	3125	3584	B25_1447_00184180	5504	15452	1988	1512	2104	13868	1840	2392	1516	6840	2184	10680	3380	1472	3408	12756	7700	1084	6960	1588	1184	7980	1328	1900	11652	9260	3768	1756
B27_1447_00177650	137.25	33670.2857143	1447	MCF7	2891		B27_1447_00177650	10576	20368	1344	760	1388	17908	824	2452	1392	8696	1132	15604	820	444	6380	22196	4752	400	6060	1200	2164	9756	1020	1872	14844	16740	3332	764
B13_1452_00173410	179.25	7118.66666667	1452	MDA-MB-361	50000	22324	B13_1452_00173410	3520	3400	3068	3480	4352	5288	6236	3768	5508	5152	708	800	4532	4452	5112	7768	2304	5652	5224	6160	292	5964	1076	4760	5004	1176	120	2728
B15_1452_00173630	190.25	21201.4285714	1452	MDA-MB-361	25000	14316	B15_1452_00173630	4700	4060	4124	324	11112	9964	12416	6380	11292	3312	260	468	10444	10260	8168	19072	3244	11892	10472	13000	344	10544	1072	9240	11128	796	284	3568
B15_1452_00177220	104.375	25092.2857143	1452	MDA-MB-361	92500		B15_1452_00177220	7552	8084	9452	6972	16400	15756	18944	9784	19180	14104	632	464	14952	16932	13716	28624	5400	16220	16740	19020	460	19692	1620	14776	17128	348	10592	3500
B15_1452_00183790	46.625	8062.47619048	1452	MDA-MB-361	25000	14316	B15_1452_00183790	2988	2240	3848	1804	4300	3264	4440	2720	6632	5280	640	236	4896	2832	6180	9144	2876	5588	4976	7960	584	5544	1004	5848	5312	760	168	3376
B17_1452_00177880	98.75	18366.5714286	1452	MDA-MB-361	46250		B17_1452_00177880	4072	3676	5020	1664	7280	6716	11764	7692	13096	10032	340	212	10660	8836	8976	23396	3972	11612	10024	13568	396	11740	1604	10036	12732	284	5392	10404
B23_1452_00173850	95.5	7853.61904762	1452	MDA-MB-361	50000	22324	B23_1452_00173850	4124	7108	1100	932	1132	6364	3668	5552	704	4968	4092	5400	4280	2960	5128	7060	5068	1800	5860	1132	108	2208	332	376	5640	7132	5576	1176
B23_1452_00183990	51.375	9811.23809524	1452	MDA-MB-361	50000	22324	B23_1452_00183990	6612	8428	1360	1068	1156	8896	5344	7144	1468	8296	6952	8176	6464	5232	7140	9648	6948	2532	7544	1560	332	2424	444	592	7016	8260	8068	2864
B25_1452_00174070	100.625	20005.6190476	1452	MDA-MB-361	25000	14316	B25_1452_00174070	5652	14204	288	248	916	11896	800	7756	700	8552	4200	8848	5896	1244	10440	16956	8880	608	11312	412	212	1692	232	248	10388	14016	10552	632
B25_1452_00184190	43.375	8092.76190476	1452	MDA-MB-361	25000	14316	B25_1452_00184190	3336	7616	680	188	392	6084	832	5200	680	5452	4436	5400	1456	2476	4896	6972	5460	1112	4264	428	136	1568	260	132	5928	6488	5764	1548
B27_1452_00177660	104.125	22534.6666667	1452	MDA-MB-361	46250		B27_1452_00177660	6056	17288	300	264	620	15672	6976	13772	572	9772	6832	10296	7448	4364	9176	19216	9760	1632	11184	396	228	2704	316	280	11912	16420	12416	4108
B13_1457_00173420	140.125	13400.1904762	1457	SK-BR-3	50000	34284	B13_1457_00173420	2448	4316	288	1204	3492	4676	8884	1384	3340	3112	2064	200	6700	8012	1588	13344	4904	6292	8908	6444	1848	8452	4656	3984	8480	2832	3356	4696
B13_1457_00180750	239.75	45360.7619048	1457	SK-BR-3	50000	34284	B13_1457_00180750	5748	14976	3352	5996	10096	10628	18560	10380	8176	3436	3100	576	21124	26600	12976	39320	10864	56696	13268	22432	3748	29312	10192	7460	37140	18844	3964	19640
B13_1457_00183600	117.75	23598.4761905	1457	SK-BR-3	50000	34284	B13_1457_00183600	4268	7168	2200	1824	4928	6464	9512	4512	6528	3768	3216	452	11012	13412	3976	18500	8872	11808	18864	13064	2416	14576	5796	3872	17812	5272	3200	11976
B15_1457_00173640	219.625	13722.7619048	1457	SK-BR-3	12500	12080	B15_1457_00173640	612	2108	196	152	2000	888	4784	448	604	1404	1340	140	4760	4748	516	6640	3632	5116	5700	2344	704	3996	4052	2688	5184	196	1312	2036
B15_1457_00177230	388.125	98067.3333333	1457	SK-BR-3	92500		B15_1457_00177230	6964	16060	2268	1308	43796	42328	56400	11276	2976	17976	2860	1124	51104	81180	2408	73532	22052	27324	67744	48076	2688	89000	15072	7100	76708	1912	102008	23648
B15_1457_00180940	29.625	4286.47619048	1457	SK-BR-3	12500	12080	B15_1457_00180940	1468	2288	80	936	1180	2364	2056	1568	1176	568	1524	172	2408	1980	2028	3392	1796	3368	1500	2088	932	2684	2352	1048	2956	820	908	2348
B15_1457_00183800	43.125	7299.52380952	1457	SK-BR-3	12500	12080	B15_1457_00183800	1144	1704	464	300	1132	1488	1676	1932	2032	992	616	128	3388	3220	1540	5456	3336	3328	5916	5444	684	4164	2060	1456	3944	1256	476	2792
B17_1457_00177890	245.625	55261.047619	1457	SK-BR-3	23125		B17_1457_00177890	2176	3804	492	356	6104	4400	11984	5152	732	3120	1296	1452	10548	16428	4272	32368	2620	8644	35536	16856	1160	31688	7372	3604	23688	720	12348	1284
B23_1457_00173860	66.375	14639.2380952	1457	SK-BR-3	50000	34284	B23_1457_00173860	5768	11012	1816	1668	6204	9700	1804	4248	4244	3856	3140	4032	4352	3140	8976	11888	5812	2400	10392	1556	1336	7224	2896	780	8112	11292	7216	1192
B23_1457_00181130	195.75	49835.5238095	1457	SK-BR-3	50000	34284	B23_1457_00181130	18324	41900	4320	3644	15908	32860	2052	10980	15004	14672	6240	13252	15896	13116	18948	31820	13692	10372	31084	2456	2692	22944	3672	2232	28364	36004	25468	3484
B23_1457_00184000	108.625	28652.0952381	1457	SK-BR-3	50000	34284	B23_1457_00184000	10556	26368	5100	3748	13500	23284	3628	11644	10916	9704	4692	8708	7108	6980	13756	22184	11816	7768	18108	3140	1900	13356	2780	1216	14072	16644	9108	3076
B25_1457_00174080	106.125	20582.4761905	1457	SK-BR-3	12500	12080	B25_1457_00174080	4952	11744	1008	1240	3568	8400	204	2856	3392	2800	332	3552	1568	336	5932	10304	4284	308	8988	1348	584	8828	2252	404	7912	8580	4328	284
B25_1457_00177450	392	96744.4761905	1457	SK-BR-3	92500		B25_1457_00177450	29336	57404	1840	1692	31640	79212	1572	11940	19256	12084	7648	8088	13012	10372	64048	74528	22228	2288	78980	1668	1704	7700	3424	1724	54444	79604	41056	1996
B25_1457_00181320	71	15581.8095238	1457	SK-BR-3	12500	12080	B25_1457_00181320	6304	13652	2436	3652	5376	10592	664	5652	5200	4964	3932	4592	5040	3228	7964	10520	6656	2976	8956	2200	716	7152	2648	2172	9344	11628	11872	1936
B25_1457_00184200	64.625	13707.4285714	1457	SK-BR-3	12500	12080	B25_1457_00184200	4408	10024	1544	1048	3992	8576	880	3520	3192	2444	1520	3076	2328	1704	5708	13528	5220	884	5772	696	440	6972	1692	372	8180	7768	5304	780
B27_1457_00177670	226	64350.8571429	1457	SK-BR-3	23125		B27_1457_00177670	11180	52828	1076	1264	8344	30968	1028	5716	6648	4944	4188	6364	3976	784	13528	28676	5700	872	28328	1256	1096	17300	2596	888	20000	36572	4876	712
B13_1461_00173430	204.875	10430.3809524	1461	ZR-75-1	25000	35596	B13_1461_00173430	4908	3132	276	136	6368	2516	6436	1112	1364	2892	1872	404	3240	6324	5740	10048	2212	5992	5352	7788	784	6932	1736	5136	5228	172	528	4332
B13_1461_00180760	337.375	69143.4285714	1461	ZR-75-1	50000		B13_1461_00180760	58364	31648	47120	45908	57244	35972	50532	17736	36576	47904	21212	6060	33036	54004	43000	80964	21568	74000	32588	72092	5244	62476	12284	47744	53128	15572	2572	52828
B13_1461_00183610	203	40205.4285714	1461	ZR-75-1	50000		B13_1461_00183610	23164	17920	23996	23128	27024	22412	28308	13916	24688	28632	11600	2464	18904	28860	29212	42168	14848	28168	30148	42240	4944	28760	7528	28152	32708	10112	1884	26448
B15_1461_00173650	319.375	31718.7619048	1461	ZR-75-1	12500		B15_1461_00173650	9040	3920	592	544	16032	880	14080	716	504	1280	1048	292	5640	12976	5248	23292	3124	13184	11848	21260	788	13676	2408	10748	11636	368	564	2132
B15_1461_00177240	313.5	77776.4761905	1461	ZR-75-1	46250		B15_1461_00177240	23020	14992	30124	29536	45724	20068	47576	12452	2636	16064	5444	804	18736	47332	30644	77648	12012	44840	43220	65848	3012	60732	9000	34752	49236	1324	79120	32716
B15_1461_00180950	181.625	34514.2857143	1461	ZR-75-1	25000		B15_1461_00180950	22504	10692	21240	13296	28148	8044	21800	3616	30464	20512	4860	1304	10164	23512	24136	52240	10312	37140	10836	58236	1764	28764	5160	23980	27496	1412	2204	22360
B15_1461_00183810	186.375	40337.7142857	1461	ZR-75-1	25000		B15_1461_00183810	16532	11188	17944	16360	22904	14232	19092	8344	19892	21060	5968	964	12188	31048	22524	39896	10908	25380	20604	45440	3928	26364	5116	26700	34168	6776	1008	23412
B17_1461_00177900	274.875	64310.6666667	1461	ZR-75-1	23125		B17_1461_00177900	14732	8920	1964	912	23532	12360	33304	6900	1488	11584	2404	588	11132	39284	22552	67264	6720	27496	26384	46884	1496	52492	4132	22572	44500	1052	37692	14772
B23_1461_00173870	87	8052.47619048	1461	ZR-75-1	25000		B23_1461_00173870	2464	6272	1292	1432	1988	5596	108	2096	1144	4160	1272	5412	3272	172	5440	6360	4108	176	4648	1684	252	4100	716	716	4424	4796	2924	384
B23_1461_00181140	304.125	72406.0952381	1461	ZR-75-1	50000		B23_1461_00181140	28580	57396	15732	18812	22812	70984	38744	40140	12796	64136	30112	64864	44772	42628	50604	62104	41644	3604	53472	15892	1964	39696	5616	7112	61976	54624	60892	6668
B23_1461_00184010	242.625	54570	1461	ZR-75-1	50000		B23_1461_00184010	29008	40216	12304	15692	17872	49252	28324	33064	12132	46672	33600	43516	29904	29664	42216	48168	38588	7264	36208	14080	5048	30584	7276	6772	42856	40536	40864	10356
B25_1461_00174090	246.25	38718.5714286	1461	ZR-75-1	12500		B25_1461_00174090	7196	16860	1864	1952	6476	21704	512	3716	2120	16260	1364	18932	4736	444	17348	23436	10796	528	19900	2240	584	14888	1096	1040	18420	15964	976	576
B25_1461_00177460	237.75	59908.8571429	1461	ZR-75-1	46250		B25_1461_00177460	14612	30520	4224	3808	12156	48380	956	13636	5180	32144	5880	35220	23600	1256	44912	48856	25048	1076	38396	4260	692	25192	2008	1380	36788	36168	29884	1040
B25_1461_00181330	258.625	57310.6666667	1461	ZR-75-1	25000		B25_1461_00181330	20096	57000	5960	7712	10680	52212	22808	15636	5892	46228	27908	44456	23472	19516	54548	62288	25472	4712	46860	4148	2444	22732	3416	3612	48276	42900	50440	14924
B25_1461_00184210	241.625	53214.7619048	1461	ZR-75-1	25000		B25_1461_00184210	18712	48516	6204	4984	7228	42592	23340	16880	4820	38848	22996	41352	27180	17880	41672	55944	26608	3980	42704	5088	1144	24820	4384	2140	41580	37384	29744	4592
B27_1461_00177680	323.875	75012.5714286	1461	ZR-75-1	23125		B27_1461_00177680	13980	59556	2908	2172	7844	61344	14896	10068	4168	36932	14184	39476	18316	924	58792	64016	21316	1176	50340	3404	972	27208	1848	1236	47440	46764	16320	1196
B13_1462_00173440	102.625	8250.66666667	1462	ZR-75-30	50000		B13_1462_00173440	1860	3908	140	80	2112	2584	6196	296	2816	4060	1036	416	6324	6976	644	7992	4360	6444	6472	6104	2352	6912	792	932	5020	156	512	2864
B15_1462_00173660	263.625	17586.1904762	1462	ZR-75-30	25000		B15_1462_00173660	856	2188	268	196	2404	708	6132	400	412	2968	600	296	10468	13152	300	9356	2756	6680	7116	9472	956	7008	296	512	5448	208	1348	1520
B15_1462_00177250	230.75	50749.1428571	1462	ZR-75-30	92500		B15_1462_00177250	4656	19400	4744	612	11396	8004	23200	2008	2628	11192	4416	980	33192	39476	2780	35008	25324	28212	32312	35180	5580	43180	2608	2508	25996	744	19664	18900
B23_1462_00173880	78.75	7466.28571429	1462	ZR-75-30	50000		B23_1462_00173880	3216	4788	3236	1568	4408	5312	300	1468	3368	940	232	1220	2140	156	6520	7380	3896	160	6180	2980	324	3100	2588	1364	5468	6156	364	528
B25_1462_00174100	152	19980.1904762	1462	ZR-75-30	25000		B25_1462_00174100	4568	6428	2160	1060	3728	13336	252	956	2900	740	156	1128	168	172	10140	14184	5424	268	15544	2076	392	3904	2988	596	8728	10808	628	296
B25_1462_00177470	197.25	47569.4285714	1462	ZR-75-30	92500		B25_1462_00177470	15456	34348	10228	5652	13596	34540	3580	14056	12592	4104	760	4192	3776	448	29452	31184	16136	716	38476	7308	1136	10724	13156	3428	26944	31852	1628	1444
