																										
																										
																										
																										
			1	2	3	4	5	6	7	8	9	10	11	12	13	14	15	16	17	18	19	20	21	22	23	24
		A	BDR	BDR	BDR	BDR	BDR	BDR	BDR	BDR	BDR	BDR	BDR	BDR	BDR	BDR	BDR	BDR	BDR	BDR	BDR	BDR	BDR	BDR	BL 	BL 
		B	BDR	CRL	10	3.16227766017	1.0	0.316227766017	0.1	0.0316227766017	0.01	0.00316227766017	0.001	CRL	CRL	10	3.16227766017	1.0	0.316227766017	0.1	0.0316227766017	0.01	0.00316227766017	0.001	BL 	BL 
		C	BDR	CRL	10	3.16227766017	1.0	0.316227766017	0.1	0.0316227766017	0.01	0.00316227766017	0.001	CRL	CRL	10	3.16227766017	1.0	0.316227766017	0.1	0.0316227766017	0.01	0.00316227766017	0.001	BL 	BL 
		D	BDR	CRL	10	3.16227766017	1.0	0.316227766017	0.1	0.0316227766017	0.01	0.00316227766017	0.001	CRL	CRL	10	3.16227766017	1.0	0.316227766017	0.1	0.0316227766017	0.01	0.00316227766017	0.001	BL 	BL 
		E	BDR	CRL	10	3.16227766017	1.0	0.316227766017	0.1	0.0316227766017	0.01	0.00316227766017	0.001	CRL	CRL	10	3.16227766017	1.0	0.316227766017	0.1	0.0316227766017	0.01	0.00316227766017	0.001	BL 	BL 
		F	BDR	CRL	10	3.16227766017	1.0	0.316227766017	0.1	0.0316227766017	0.01	0.00316227766017	0.001	CRL	CRL	10	3.16227766017	1.0	0.316227766017	0.1	0.0316227766017	0.01	0.00316227766017	0.001	BL 	BL 
		G	BDR	CRL	10	3.16227766017	1.0	0.316227766017	0.1	0.0316227766017	0.01	0.00316227766017	0.001	CRL	CRL	10	3.16227766017	1.0	0.316227766017	0.1	0.0316227766017	0.01	0.00316227766017	0.001	BL 	BL 
		H	BDR	CRL	10	3.16227766017	1.0	0.316227766017	0.1	0.0316227766017	0.01	0.00316227766017	0.001	CRL	CRL	10	3.16227766017	1.0	0.316227766017	0.1	0.0316227766017	0.01	0.00316227766017	0.001	BL 	BL 
		I	BDR	CRL	10	3.16227766017	1.0	0.316227766017	0.1	0.0316227766017	0.01	0.00316227766017	0.001	CRL	CRL	10	3.16227766017	1.0	0.316227766017	0.1	0.0316227766017	0.01	0.00316227766017	0.001	BL 	BL 
		J	BDR	CRL	10	3.16227766017	1.0	0.316227766017	0.1	0.0316227766017	0.01	0.00316227766017	0.001	CRL	CRL	10	3.16227766017	1.0	0.316227766017	0.1	0.0316227766017	0.01	0.00316227766017	0.001	BL 	BL 
		K	BDR	CRL	10	3.16227766017	1.0	0.316227766017	0.1	0.0316227766017	0.01	0.00316227766017	0.001	CRL	CRL	10	3.16227766017	1.0	0.316227766017	0.1	0.0316227766017	0.01	0.00316227766017	0.001	BL 	BL 
		L	BDR	CRL	10	3.16227766017	1.0	0.316227766017	0.1	0.0316227766017	0.01	0.00316227766017	0.001	CRL	CRL	10	3.16227766017	1.0	0.316227766017	0.1	0.0316227766017	0.01	0.00316227766017	0.001	BL 	BL 
		M	BDR	CRL	10	3.16227766017	1.0	0.316227766017	0.1	0.0316227766017	0.01	0.00316227766017	0.001	CRL	CRL	10	3.16227766017	1.0	0.316227766017	0.1	0.0316227766017	0.01	0.00316227766017	0.001	BL 	BL 
		N	BDR	CRL	10	3.16227766017	1.0	0.316227766017	0.1	0.0316227766017	0.01	0.00316227766017	0.001	CRL	CRL	10	3.16227766017	1.0	0.316227766017	0.1	0.0316227766017	0.01	0.00316227766017	0.001	BL 	BL 
		O	BDR	CRL	10	3.16227766017	1.0	0.316227766017	0.1	0.0316227766017	0.01	0.00316227766017	0.001	CRL	CRL	10	3.16227766017	1.0	0.316227766017	0.1	0.0316227766017	0.01	0.00316227766017	0.001	BL 	BL 
		P	BDR	BDR	BDR	BDR	BDR	BDR	BDR	BDR	BDR	BDR	BDR	BDR	BDR	BDR	BDR	BDR	BDR	BDR	BDR	BDR	BDR	BDR	BL 	BL 
																										
																										
					B3 - B11																					
					O3 - O11																					
																										
					B14 - B22																					
					O14 - O22																					
