Barcode	CellID	Filename	AssayID	ReadDate	ReadTime	ProtocolID	ProtocolName	Rows	Columns	Wells	ReaderSN	ExportSW	Notifications	Modified	Created	QCScore	PassFail	Manual Flag
B13_1409_00173390	1409	Breast_Set_1_3day_B13_1409_00173390_17812.csv	17812	2012-10-22 00:00:00	00:00:00	00:00:00	Breast_Set_1_3day	16	24	384	1040530	Exported with EnVision Workstation version 1.12		2012-11-21 17:00:00	2012-11-21 17:00:00	11000		X
B13_1421_00173230	1421	Breast_Set_1_3day_B13_1421_00173230_17813.csv	17813	2012-10-22 00:00:00	00:00:00	00:00:00	Breast_Set_1_3day	16	24	384	1040530	Exported with EnVision Workstation version 1.12		2012-11-21 17:00:00	2012-11-21 17:00:00	10000		0
B13_1422_00173240	1422	Breast_Set_1_3day_B13_1422_00173240_17814.csv	17814	2012-10-22 00:00:00	00:00:00	00:00:00	Breast_Set_1_3day	16	24	384	1040530	Exported with EnVision Workstation version 1.12		2012-11-21 17:00:00	2012-11-21 17:00:00	10000		0
B13_1423_00173250	1423	Breast_Set_1_3day_B13_1423_00173250_17815.csv	17815	2012-10-22 00:00:00	00:00:00	00:00:00	Breast_Set_1_3day	16	24	384	1040530	Exported with EnVision Workstation version 1.12		2012-11-21 17:00:00	2012-11-21 17:00:00	0	1	0
B13_1426_00173260	1426	Breast_Set_1_3day_B13_1426_00173260_17807.csv	17807	2012-10-22 00:00:00	00:00:00	00:00:00	Breast_Set_1_3day	16	24	384	1040530	Exported with EnVision Workstation version 1.12		2012-11-21 17:00:00	2012-11-21 17:00:00	0	1	0
B13_1427_00173270	1427	Breast_Set_1_3day_B13_1427_00173270_17816.csv	17816	2012-10-22 00:00:00	00:00:00	00:00:00	Breast_Set_1_3day	16	24	384	1040530	Exported with EnVision Workstation version 1.12		2012-11-21 17:00:00	2012-11-21 17:00:00	0	1	0
B13_1428_00173280	1428	Breast_Set_1_3day_B13_1428_00173280_17796.csv	17796	2012-10-22 00:00:00	00:00:00	00:00:00	Breast_Set_1_3day	16	24	384	1040530	Exported with EnVision Workstation version 1.12		2012-11-21 17:00:00	2012-11-21 17:00:00	10000		0
B13_1429_00173290	1429	Breast_Set_1_3day_B13_1429_00173290_17794.csv	17794	2012-10-22 00:00:00	00:00:00	00:00:00	Breast_Set_1_3day	16	24	384	1040530	Exported with EnVision Workstation version 1.12		2012-11-21 17:00:00	2012-11-21 17:00:00	0	1	0
B13_1430_00173300	1430	Breast_Set_1_3day_B13_1430_00173300_17808.csv	17808	2012-10-22 00:00:00	00:00:00	00:00:00	Breast_Set_1_3day	16	24	384	1040530	Exported with EnVision Workstation version 1.12		2012-11-21 17:00:00	2012-11-21 17:00:00	10000		0
B13_1432_00174140	1432	Breast_Set_1_3day_B13_1432_00174140_17801.csv	17801	2012-10-22 00:00:00	00:00:00	00:00:00	Breast_Set_1_3day	16	24	384	1040530	Exported with EnVision Workstation version 1.12		2012-11-21 17:00:00	2012-11-21 17:00:00	0	1	0
B13_1433_00173310	1433	Breast_Set_1_3day_B13_1433_00173310_17809.csv	17809	2012-10-22 00:00:00	00:00:00	00:00:00	Breast_Set_1_3day	16	24	384	1040530	Exported with EnVision Workstation version 1.12		2012-11-21 17:00:00	2012-11-21 17:00:00	10000		0
B13_1435_00173320	1435	Breast_Set_1_3day_B13_1435_00173320_17798.csv	17798	2012-10-22 00:00:00	00:00:00	00:00:00	Breast_Set_1_3day	16	24	384	1040530	Exported with EnVision Workstation version 1.12		2012-11-21 17:00:00	2012-11-21 17:00:00	0	1	0
B13_1436_00173330	1436	Breast_Set_1_3day_B13_1436_00173330_17810.csv	17810	2012-10-22 00:00:00	00:00:00	00:00:00	Breast_Set_1_3day	16	24	384	1040530	Exported with EnVision Workstation version 1.12		2012-11-21 17:00:00	2012-11-21 17:00:00	0	1	0
B13_1437_00173340	1437	Breast_Set_1_3day_B13_1437_00173340_17811.csv	17811	2012-10-22 00:00:00	00:00:00	00:00:00	Breast_Set_1_3day	16	24	384	1040530	Exported with EnVision Workstation version 1.12		2012-11-21 17:00:00	2012-11-21 17:00:00	10000		0
B13_1438_00173350	1438	Breast_Set_1_3day_B13_1438_00173350_17804.csv	17804	2012-10-22 00:00:00	00:00:00	00:00:00	Breast_Set_1_3day	16	24	384	1040530	Exported with EnVision Workstation version 1.12		2012-11-21 17:00:00	2012-11-21 17:00:00	0	1	0
B13_1440_00173360	1440	Breast_Set_1_3day_B13_1440_00173360_17805.csv	17805	2012-10-22 00:00:00	00:00:00	00:00:00	Breast_Set_1_3day	16	24	384	1040530	Exported with EnVision Workstation version 1.12		2012-11-21 17:00:00	2012-11-21 17:00:00	10000		0
B13_1441_00173370	1441	Breast_Set_1_3day_B13_1441_00173370_17802.csv	17802	2012-10-22 00:00:00	00:00:00	00:00:00	Breast_Set_1_3day	16	24	384	1040530	Exported with EnVision Workstation version 1.12		2012-11-21 17:00:00	2012-11-21 17:00:00	0	1	0
B13_1442_00173380	1442	Breast_Set_1_3day_B13_1442_00173380_17803.csv	17803	2012-10-22 00:00:00	00:00:00	00:00:00	Breast_Set_1_3day	16	24	384	1040530	Exported with EnVision Workstation version 1.12		2012-11-21 17:00:00	2012-11-21 17:00:00	0	1	0
B13_1447_00173400	1447	Breast_Set_1_3day_B13_1447_00173400_17799.csv	17799	2012-10-22 00:00:00	00:00:00	00:00:00	Breast_Set_1_3day	16	24	384	1040530	Exported with EnVision Workstation version 1.12		2012-11-21 17:00:00	2012-11-21 17:00:00	0	1	0
B13_1452_00173410	1452	Breast_Set_1_3day_B13_1452_00173410_17806.csv	17806	2012-10-22 00:00:00	00:00:00	00:00:00	Breast_Set_1_3day	16	24	384	1040530	Exported with EnVision Workstation version 1.12		2012-11-21 17:00:00	2012-11-21 17:00:00	0	1	0
B13_1457_00173420	1457	Breast_Set_1_3day_B13_1457_00173420_17800.csv	17800	2012-10-22 00:00:00	00:00:00	00:00:00	Breast_Set_1_3day	16	24	384	1040530	Exported with EnVision Workstation version 1.12		2012-11-21 17:00:00	2012-11-21 17:00:00	10000		0
B13_1461_00173430	1461	Breast_Set_1_3day_B13_1461_00173430_17795.csv	17795	2012-10-22 00:00:00	00:00:00	00:00:00	Breast_Set_1_3day	16	24	384	1040530	Exported with EnVision Workstation version 1.12		2012-11-21 17:00:00	2012-11-21 17:00:00	0	1	0
B13_1462_00173440	1462	Breast_Set_1_3day_B13_1462_00173440_17797.csv	17797	2012-10-22 00:00:00	00:00:00	00:00:00	Breast_Set_1_3day	16	24	384	1040530	Exported with EnVision Workstation version 1.12		2012-11-21 17:00:00	2012-11-21 17:00:00	10000		0
B23_1409_00173830	1409	Breast_Set_2_3day_B23_1409_00173830_17791.csv	17791	2012-10-22 00:00:00	00:00:00	00:00:00	Breast_Set_2_3day	16	24	384	1040530	Exported with EnVision Workstation version 1.12		2012-11-21 17:00:00	2012-11-21 17:00:00	10000		X
B23_1421_00173670	1421	Breast_Set_2_3day_B23_1421_00173670_17786.csv	17786	2012-10-22 00:00:00	00:00:00	00:00:00	Breast_Set_2_3day	16	24	384	1040530	Exported with EnVision Workstation version 1.12		2012-11-21 17:00:00	2012-11-21 17:00:00	0	1	0
B23_1422_00173680	1422	Breast_Set_2_3day_B23_1422_00173680_17777.csv	17777	2012-10-22 00:00:00	00:00:00	00:00:00	Breast_Set_2_3day	16	24	384	1040530	Exported with EnVision Workstation version 1.12		2012-11-21 17:00:00	2012-11-21 17:00:00	0	1	0
B23_1423_00173690	1423	Breast_Set_2_3day_B23_1423_00173690_17778.csv	17778	2012-10-22 00:00:00	00:00:00	00:00:00	Breast_Set_2_3day	16	24	384	1040530	Exported with EnVision Workstation version 1.12		2012-11-21 17:00:00	2012-11-21 17:00:00	0	1	0
B23_1426_00173700	1426	Breast_Set_2_3day_B23_1426_00173700_17779.csv	17779	2012-10-22 00:00:00	00:00:00	00:00:00	Breast_Set_2_3day	16	24	384	1040530	Exported with EnVision Workstation version 1.12		2012-11-21 17:00:00	2012-11-21 17:00:00	0	1	0
B23_1427_00173710	1427	Breast_Set_2_3day_B23_1427_00173710_17775.csv	17775	2012-10-22 00:00:00	00:00:00	00:00:00	Breast_Set_2_3day	16	24	384	1040530	Exported with EnVision Workstation version 1.12		2012-11-21 17:00:00	2012-11-21 17:00:00	0	1	0
B23_1428_00173720	1428	Breast_Set_2_3day_B23_1428_00173720_17773.csv	17773	2012-10-22 00:00:00	00:00:00	00:00:00	Breast_Set_2_3day	16	24	384	1040530	Exported with EnVision Workstation version 1.12		2012-11-21 17:00:00	2012-11-21 17:00:00	10000		X
B23_1429_00173730	1429	Breast_Set_2_3day_B23_1429_00173730_17771.csv	17771	2012-10-22 00:00:00	00:00:00	00:00:00	Breast_Set_2_3day	16	24	384	1040530	Exported with EnVision Workstation version 1.12		2012-11-21 17:00:00	2012-11-21 17:00:00	0	1	0
B23_1430_00173740	1430	Breast_Set_2_3day_B23_1430_00173740_17776.csv	17776	2012-10-22 00:00:00	00:00:00	00:00:00	Breast_Set_2_3day	16	24	384	1040530	Exported with EnVision Workstation version 1.12		2012-11-21 17:00:00	2012-11-21 17:00:00	0	1	0
B23_1432_00174120	1432	Breast_Set_2_3day_B23_1432_00174120_17783.csv	17783	2012-10-22 00:00:00	00:00:00	00:00:00	Breast_Set_2_3day	16	24	384	1040530	Exported with EnVision Workstation version 1.12		2012-11-21 17:00:00	2012-11-21 17:00:00	0	1	0
B23_1433_00173750	1433	Breast_Set_2_3day_B23_1433_00173750_17772.csv	17772	2012-10-22 00:00:00	00:00:00	00:00:00	Breast_Set_2_3day	16	24	384	1040530	Exported with EnVision Workstation version 1.12		2012-11-21 17:00:00	2012-11-21 17:00:00	0	1	0
B23_1435_00173760	1435	Breast_Set_2_3day_B23_1435_00173760_17782.csv	17782	2012-10-22 00:00:00	00:00:00	00:00:00	Breast_Set_2_3day	16	24	384	1040530	Exported with EnVision Workstation version 1.12		2012-11-21 17:00:00	2012-11-21 17:00:00	0	1	0
B23_1436_00173770	1436	Breast_Set_2_3day_B23_1436_00173770_17774.csv	17774	2012-10-22 00:00:00	00:00:00	00:00:00	Breast_Set_2_3day	16	24	384	1040530	Exported with EnVision Workstation version 1.12		2012-11-21 17:00:00	2012-11-21 17:00:00	0	1	0
B23_1437_00173780	1437	Breast_Set_2_3day_B23_1437_00173780_17790.csv	17790	2012-10-22 00:00:00	00:00:00	00:00:00	Breast_Set_2_3day	16	24	384	1040530	Exported with EnVision Workstation version 1.12		2012-11-21 17:00:00	2012-11-21 17:00:00	0	1	0
B23_1438_00173790	1438	Breast_Set_2_3day_B23_1438_00173790_17784.csv	17784	2012-10-22 00:00:00	00:00:00	00:00:00	Breast_Set_2_3day	16	24	384	1040530	Exported with EnVision Workstation version 1.12		2012-11-21 17:00:00	2012-11-21 17:00:00	0	1	0
B23_1440_00173800	1440	Breast_Set_2_3day_B23_1440_00173800_17785.csv	17785	2012-10-22 00:00:00	00:00:00	00:00:00	Breast_Set_2_3day	16	24	384	1040530	Exported with EnVision Workstation version 1.12		2012-11-21 17:00:00	2012-11-21 17:00:00	10000		X
B23_1441_00173810	1441	Breast_Set_2_3day_B23_1441_00173810_17781.csv	17781	2012-10-22 00:00:00	00:00:00	00:00:00	Breast_Set_2_3day	16	24	384	1040530	Exported with EnVision Workstation version 1.12		2012-11-21 17:00:00	2012-11-21 17:00:00	0	1	0
B23_1442_00173820	1442	Breast_Set_2_3day_B23_1442_00173820_17787.csv	17787	2012-10-22 00:00:00	00:00:00	00:00:00	Breast_Set_2_3day	16	24	384	1040530	Exported with EnVision Workstation version 1.12		2012-11-21 17:00:00	2012-11-21 17:00:00	0	1	0
B23_1447_00173840	1447	Breast_Set_2_3day_B23_1447_00173840_17788.csv	17788	2012-10-22 00:00:00	00:00:00	00:00:00	Breast_Set_2_3day	16	24	384	1040530	Exported with EnVision Workstation version 1.12		2012-11-21 17:00:00	2012-11-21 17:00:00	0	1	0
B23_1452_00173850	1452	Breast_Set_2_3day_B23_1452_00173850_17780.csv	17780	2012-10-22 00:00:00	00:00:00	00:00:00	Breast_Set_2_3day	16	24	384	1040530	Exported with EnVision Workstation version 1.12		2012-11-21 17:00:00	2012-11-21 17:00:00	0	1	0
B23_1457_00173860	1457	Breast_Set_2_3day_B23_1457_00173860_17789.csv	17789	2012-10-22 00:00:00	00:00:00	00:00:00	Breast_Set_2_3day	16	24	384	1040530	Exported with EnVision Workstation version 1.12		2012-11-21 17:00:00	2012-11-21 17:00:00	0	1	0
B23_1461_00173870	1461	Breast_Set_2_3day_B23_1461_00173870_17793.csv	17793	2012-10-22 00:00:00	00:00:00	00:00:00	Breast_Set_2_3day	16	24	384	1040530	Exported with EnVision Workstation version 1.12		2012-11-21 17:00:00	2012-11-21 17:00:00	0	1	0
B23_1462_00173880	1462	Breast_Set_2_3day_B23_1462_00173880_17792.csv	17792	2012-10-22 00:00:00	00:00:00	00:00:00	Breast_Set_2_3day	16	24	384	1040530	Exported with EnVision Workstation version 1.12		2012-11-21 17:00:00	2012-11-21 17:00:00	0	1	0
2012-10-24 17:46:33	1437	Breast_Set_1_5day_2012-10-24 5_46_33 PM_17856.csv	17856	2012-10-24 00:00:00	00:00:00	00:00:00	Breast_Set_1_5day	16	24	384	1040530	Exported with EnVision Workstation version 1.12	NWARNING: Plate height defined in the plate editor does not match the actual plate height. Measured height is 0.00 mm. Plate editor height is 14.83 mm. The results may be affected.|WARNING: Instrument changed the measurement height from 6.5 mm to 14.05 mm  as measurement head can't reach the given height.|WARNING: Instrument changed the measurement height from 14.05 mm to 13.85 mm  as measurement head can't reach the given height.|	2012-11-30 12:31:00	2012-11-21 17:00:00	10100		
B15_1409_00173610	1409	Breast_Set_1_5day_B15_1409_00173610_17855.csv	17855	2012-10-24 00:00:00	00:00:00	00:00:00	Breast_Set_1_5day	16	24	384	1040530	Exported with EnVision Workstation version 1.12		2012-11-21 17:00:00	2012-11-21 17:00:00	10000		X
B15_1421_00173450	1421	Breast_Set_1_5day_B15_1421_00173450_17865.csv	17865	2012-10-24 00:00:00	00:00:00	00:00:00	Breast_Set_1_5day	16	24	384	1040530	Exported with EnVision Workstation version 1.12		2012-11-21 17:00:00	2012-11-21 17:00:00	10000		X
B15_1422_00173460	1422	Breast_Set_1_5day_B15_1422_00173460_17866.csv	17866	2012-10-24 00:00:00	00:00:00	00:00:00	Breast_Set_1_5day	16	24	384	1040530	Exported with EnVision Workstation version 1.12		2012-11-21 17:00:00	2012-11-21 17:00:00	10000		X
B15_1423_00173470	1423	Breast_Set_1_5day_B15_1423_00173470_17867.csv	17867	2012-10-24 00:00:00	00:00:00	00:00:00	Breast_Set_1_5day	16	24	384	1040530	Exported with EnVision Workstation version 1.12		2012-11-21 17:00:00	2012-11-21 17:00:00	10000		0
B15_1426_00173480	1426	Breast_Set_1_5day_B15_1426_00173480_17869.csv	17869	2012-10-24 00:00:00	00:00:00	00:00:00	Breast_Set_1_5day	16	24	384	1040530	Exported with EnVision Workstation version 1.12		2012-11-21 17:00:00	2012-11-21 17:00:00	10000		0
B15_1427_00173490	1427	Breast_Set_1_5day_B15_1427_00173490_17873.csv	17873	2012-10-24 00:00:00	00:00:00	00:00:00	Breast_Set_1_5day	16	24	384	1040530	Exported with EnVision Workstation version 1.12		2012-11-21 17:00:00	2012-11-21 17:00:00	10000		0
B15_1428_00173500	1428	Breast_Set_1_5day_B15_1428_00173500_17868.csv	17868	2012-10-24 00:00:00	00:00:00	00:00:00	Breast_Set_1_5day	16	24	384	1040530	Exported with EnVision Workstation version 1.12		2012-11-21 17:00:00	2012-11-21 17:00:00	10000		X
B15_1429_00173510	1429	Breast_Set_1_5day_B15_1429_00173510_17877.csv	17877	2012-10-24 00:00:00	00:00:00	00:00:00	Breast_Set_1_5day	16	24	384	1040530	Exported with EnVision Workstation version 1.12		2012-11-21 17:00:00	2012-11-21 17:00:00	10000		X
B15_1430_00173520	1430	Breast_Set_1_5day_B15_1430_00173520_17858.csv	17858	2012-10-24 00:00:00	00:00:00	00:00:00	Breast_Set_1_5day	16	24	384	1040530	Exported with EnVision Workstation version 1.12		2012-11-21 17:00:00	2012-11-21 17:00:00	10000		0
B15_1432_00174130	1432	Breast_Set_1_5day_B15_1432_00174130_17872.csv	17872	2012-10-24 00:00:00	00:00:00	00:00:00	Breast_Set_1_5day	16	24	384	1040530	Exported with EnVision Workstation version 1.12		2012-11-21 17:00:00	2012-11-21 17:00:00	0	1	0
B15_1433_00173530	1433	Breast_Set_1_5day_B15_1433_00173530_17859.csv	17859	2012-10-24 00:00:00	00:00:00	00:00:00	Breast_Set_1_5day	16	24	384	1040530	Exported with EnVision Workstation version 1.12		2012-11-21 17:00:00	2012-11-21 17:00:00	10000		0
B15_1435_00173540	1435	Breast_Set_1_5day_B15_1435_00173540_17871.csv	17871	2012-10-24 00:00:00	00:00:00	00:00:00	Breast_Set_1_5day	16	24	384	1040530	Exported with EnVision Workstation version 1.12		2012-11-21 17:00:00	2012-11-21 17:00:00	10000		X
B15_1436_00173550	1436	Breast_Set_1_5day_B15_1436_00173550_17857.csv	17857	2012-10-24 00:00:00	00:00:00	00:00:00	Breast_Set_1_5day	16	24	384	1040530	Exported with EnVision Workstation version 1.12		2012-11-21 17:00:00	2012-11-21 17:00:00	0	1	0
B15_1438_00173570	1438	Breast_Set_1_5day_B15_1438_00173570_17862.csv	17862	2012-10-24 00:00:00	00:00:00	00:00:00	Breast_Set_1_5day	16	24	384	1040530	Exported with EnVision Workstation version 1.12		2012-11-21 17:00:00	2012-11-21 17:00:00	0	1	0
B15_1440_00173580	1440	Breast_Set_1_5day_B15_1440_00173580_17861.csv	17861	2012-10-24 00:00:00	00:00:00	00:00:00	Breast_Set_1_5day	16	24	384	1040530	Exported with EnVision Workstation version 1.12		2012-11-21 17:00:00	2012-11-21 17:00:00	10000		0
B15_1441_00173590	1441	Breast_Set_1_5day_B15_1441_00173590_17870.csv	17870	2012-10-24 00:00:00	00:00:00	00:00:00	Breast_Set_1_5day	16	24	384	1040530	Exported with EnVision Workstation version 1.12		2012-11-21 17:00:00	2012-11-21 17:00:00	10000		X
B15_1442_00173600	1442	Breast_Set_1_5day_B15_1442_00173600_17864.csv	17864	2012-10-24 00:00:00	00:00:00	00:00:00	Breast_Set_1_5day	16	24	384	1040530	Exported with EnVision Workstation version 1.12		2012-11-21 17:00:00	2012-11-21 17:00:00	10000		X
B15_1447_00173620	1447	Breast_Set_1_5day_B15_1447_00173620_17876.csv	17876	2012-10-24 00:00:00	00:00:00	00:00:00	Breast_Set_1_5day	16	24	384	1040530	Exported with EnVision Workstation version 1.12		2012-11-21 17:00:00	2012-11-21 17:00:00	0	1	0
B15_1452_00173630	1452	Breast_Set_1_5day_B15_1452_00173630_17860.csv	17860	2012-10-24 00:00:00	00:00:00	00:00:00	Breast_Set_1_5day	16	24	384	1040530	Exported with EnVision Workstation version 1.12		2012-11-21 17:00:00	2012-11-21 17:00:00	0	1	0
B15_1457_00173640	1457	Breast_Set_1_5day_B15_1457_00173640_17875.csv	17875	2012-10-24 00:00:00	00:00:00	00:00:00	Breast_Set_1_5day	16	24	384	1040530	Exported with EnVision Workstation version 1.12		2012-11-21 17:00:00	2012-11-21 17:00:00	10000		0
B15_1461_00173650	1461	Breast_Set_1_5day_B15_1461_00173650_17874.csv	17874	2012-10-24 00:00:00	00:00:00	00:00:00	Breast_Set_1_5day	16	24	384	1040530	Exported with EnVision Workstation version 1.12		2012-11-21 17:00:00	2012-11-21 17:00:00	0	1	0
B15_1462_00173660	1462	Breast_Set_1_5day_B15_1462_00173660_17863.csv	17863	2012-10-24 00:00:00	00:00:00	00:00:00	Breast_Set_1_5day	16	24	384	1040530	Exported with EnVision Workstation version 1.12		2012-11-21 17:00:00	2012-11-21 17:00:00	0	1	0
B25_1409_00174050	1409	Breast_Set_2_5day_B25_1409_00174050_17841.csv	17841	2012-10-24 00:00:00	00:00:00	00:00:00	Breast_Set_2_5day	16	24	384	1040530	Exported with EnVision Workstation version 1.12		2012-11-21 17:00:00	2012-11-21 17:00:00	10000		X
B25_1421_00173890	1421	Breast_Set_2_5day_B25_1421_00173890_17834.csv	17834	2012-10-24 00:00:00	00:00:00	00:00:00	Breast_Set_2_5day	16	24	384	1040530	Exported with EnVision Workstation version 1.12		2012-11-21 17:00:00	2012-11-21 17:00:00	10000		X
B25_1422_00173900	1422	Breast_Set_2_5day_B25_1422_00173900_17835.csv	17835	2012-10-24 00:00:00	00:00:00	00:00:00	Breast_Set_2_5day	16	24	384	1040530	Exported with EnVision Workstation version 1.12		2012-11-21 17:00:00	2012-11-21 17:00:00	10000		X
B25_1423_00173910	1423	Breast_Set_2_5day_B25_1423_00173910_17847.csv	17847	2012-10-24 00:00:00	00:00:00	00:00:00	Breast_Set_2_5day	16	24	384	1040530	Exported with EnVision Workstation version 1.12		2012-11-21 17:00:00	2012-11-21 17:00:00	0	1	0
B25_1426_00173920	1426	Breast_Set_2_5day_B25_1426_00173920_17840.csv	17840	2012-10-24 00:00:00	00:00:00	00:00:00	Breast_Set_2_5day	16	24	384	1040530	Exported with EnVision Workstation version 1.12		2012-11-21 17:00:00	2012-11-21 17:00:00	0	1	0
B25_1427_00173930	1427	Breast_Set_2_5day_B25_1427_00173930_17838.csv	17838	2012-10-24 00:00:00	00:00:00	00:00:00	Breast_Set_2_5day	16	24	384	1040530	Exported with EnVision Workstation version 1.12		2012-11-21 17:00:00	2012-11-21 17:00:00	0	1	0
B25_1428_00173940	1428	Breast_Set_2_5day_B25_1428_00173940_17832.csv	17832	2012-10-24 00:00:00	00:00:00	00:00:00	Breast_Set_2_5day	16	24	384	1040530	Exported with EnVision Workstation version 1.12		2012-11-21 17:00:00	2012-11-21 17:00:00	10000		X
B25_1429_00173950	1429	Breast_Set_2_5day_B25_1429_00173950_17839.csv	17839	2012-10-24 00:00:00	00:00:00	00:00:00	Breast_Set_2_5day	16	24	384	1040530	Exported with EnVision Workstation version 1.12		2012-11-21 17:00:00	2012-11-21 17:00:00	0	1	0
B25_1430_00173960	1430	Breast_Set_2_5day_B25_1430_00173960_17854.csv	17854	2012-10-24 00:00:00	00:00:00	00:00:00	Breast_Set_2_5day	16	24	384	1040530	Exported with EnVision Workstation version 1.12		2012-11-21 17:00:00	2012-11-21 17:00:00	0	1	0
B25_1432_00174110	1432	Breast_Set_2_5day_B25_1432_00174110_17848.csv	17848	2012-10-24 00:00:00	00:00:00	00:00:00	Breast_Set_2_5day	16	24	384	1040530	Exported with EnVision Workstation version 1.12		2012-11-21 17:00:00	2012-11-21 17:00:00	0	1	0
B25_1433_00173970	1433	Breast_Set_2_5day_B25_1433_00173970_17833.csv	17833	2012-10-24 00:00:00	00:00:00	00:00:00	Breast_Set_2_5day	16	24	384	1040530	Exported with EnVision Workstation version 1.12		2012-11-21 17:00:00	2012-11-21 17:00:00	0	1	0
B25_1435_00173980	1435	Breast_Set_2_5day_B25_1435_00173980_17849.csv	17849	2012-10-24 00:00:00	00:00:00	00:00:00	Breast_Set_2_5day	16	24	384	1040530	Exported with EnVision Workstation version 1.12		2012-11-21 17:00:00	2012-11-21 17:00:00	10000		X
B25_1436_00173990	1436	Breast_Set_2_5day_B25_1436_00173990_17845.csv	17845	2012-10-24 00:00:00	00:00:00	00:00:00	Breast_Set_2_5day	16	24	384	1040530	Exported with EnVision Workstation version 1.12		2012-11-21 17:00:00	2012-11-21 17:00:00	0	1	0
B25_1437_00174000	1437	Breast_Set_2_5day_B25_1437_00174000_17837.csv	17837	2012-10-24 00:00:00	00:00:00	00:00:00	Breast_Set_2_5day	16	24	384	1040530	Exported with EnVision Workstation version 1.12		2012-11-21 17:00:00	2012-11-21 17:00:00	10000		X
B25_1438_00174010	1438	Breast_Set_2_5day_B25_1438_00174010_17852.csv	17852	2012-10-24 00:00:00	00:00:00	00:00:00	Breast_Set_2_5day	16	24	384	1040530	Exported with EnVision Workstation version 1.12		2012-11-21 17:00:00	2012-11-21 17:00:00	0	1	0
B25_1440_00174020	1440	Breast_Set_2_5day_B25_1440_00174020_17853.csv	17853	2012-10-24 00:00:00	00:00:00	00:00:00	Breast_Set_2_5day	16	24	384	1040530	Exported with EnVision Workstation version 1.12		2012-11-21 17:00:00	2012-11-21 17:00:00	0	1	0
B25_1441_00174030	1441	Breast_Set_2_5day_B25_1441_00174030_17843.csv	17843	2012-10-24 00:00:00	00:00:00	00:00:00	Breast_Set_2_5day	16	24	384	1040530	Exported with EnVision Workstation version 1.12		2012-11-21 17:00:00	2012-11-21 17:00:00	10000		X
B25_1442_00174040	1442	Breast_Set_2_5day_B25_1442_00174040_17844.csv	17844	2012-10-24 00:00:00	00:00:00	00:00:00	Breast_Set_2_5day	16	24	384	1040530	Exported with EnVision Workstation version 1.12		2012-11-21 17:00:00	2012-11-21 17:00:00	0	1	0
B25_1447_00174060	1447	Breast_Set_2_5day_B25_1447_00174060_17836.csv	17836	2012-10-24 00:00:00	00:00:00	00:00:00	Breast_Set_2_5day	16	24	384	1040530	Exported with EnVision Workstation version 1.12		2012-11-21 17:00:00	2012-11-21 17:00:00	0	1	0
B25_1452_00174070	1452	Breast_Set_2_5day_B25_1452_00174070_17850.csv	17850	2012-10-24 00:00:00	00:00:00	00:00:00	Breast_Set_2_5day	16	24	384	1040530	Exported with EnVision Workstation version 1.12		2012-11-21 17:00:00	2012-11-21 17:00:00	0	1	0
B25_1457_00174080	1457	Breast_Set_2_5day_B25_1457_00174080_17842.csv	17842	2012-10-24 00:00:00	00:00:00	00:00:00	Breast_Set_2_5day	16	24	384	1040530	Exported with EnVision Workstation version 1.12		2012-11-21 17:00:00	2012-11-21 17:00:00	0	1	0
B25_1461_00174090	1461	Breast_Set_2_5day_B25_1461_00174090_17846.csv	17846	2012-10-24 00:00:00	00:00:00	00:00:00	Breast_Set_2_5day	16	24	384	1040530	Exported with EnVision Workstation version 1.12		2012-11-21 17:00:00	2012-11-21 17:00:00	0	1	0
B25_1462_00174100	1462	Breast_Set_2_5day_B25_1462_00174100_17851.csv	17851	2012-10-24 00:00:00	00:00:00	00:00:00	Breast_Set_2_5day	16	24	384	1040530	Exported with EnVision Workstation version 1.12		2012-11-21 17:00:00	2012-11-21 17:00:00	0	1	0
2012-10-31 15:20:16	1409	Breast_Set_1_5day_2012-10-31 3_20_16 PM_18047.csv	18047	2012-10-31 00:00:00	00:00:00	00:00:00	Breast_Set_1_5day	16	24	384	1040530	Exported with EnVision Workstation version 1.12		2012-11-30 12:31:00	2012-11-30 12:10:00	0	1	
B15_1421_00177040	1421	Breast_Set_1_5day_B15_1421_00177040_18028.csv	18028	2012-10-31 00:00:00	00:00:00	00:00:00	Breast_Set_1_5day	16	24	384	1040530	Exported with EnVision Workstation version 1.12		2012-11-30 12:10:00	2012-11-30 12:10:00	0	1	0
B15_1422_00177050	1422	Breast_Set_1_5day_B15_1422_00177050_18035.csv	18035	2012-10-31 00:00:00	00:00:00	00:00:00	Breast_Set_1_5day	16	24	384	1040530	Exported with EnVision Workstation version 1.12		2012-11-30 12:10:00	2012-11-30 12:10:00	0	1	0
B15_1423_00177060	1423	Breast_Set_1_5day_B15_1423_00177060_18031.csv	18031	2012-10-31 00:00:00	00:00:00	00:00:00	Breast_Set_1_5day	16	24	384	1040530	Exported with EnVision Workstation version 1.12		2012-11-30 12:10:00	2012-11-30 12:10:00	0	1	0
B15_1426_00177070	1426	Breast_Set_1_5day_B15_1426_00177070_18046.csv	18046	2012-10-31 00:00:00	00:00:00	00:00:00	Breast_Set_1_5day	16	24	384	1040530	Exported with EnVision Workstation version 1.12		2012-11-30 12:10:00	2012-11-30 12:10:00	0	1	0
B15_1427_00177080	1427	Breast_Set_1_5day_B15_1427_00177080_18026.csv	18026	2012-10-31 00:00:00	00:00:00	00:00:00	Breast_Set_1_5day	16	24	384	1040530	Exported with EnVision Workstation version 1.12		2012-11-30 12:10:00	2012-11-30 12:10:00	0	1	0
B15_1428_00177090	1428	Breast_Set_1_5day_B15_1428_00177090_18041.csv	18041	2012-10-31 00:00:00	00:00:00	00:00:00	Breast_Set_1_5day	16	24	384	1040530	Exported with EnVision Workstation version 1.12		2012-11-30 12:10:00	2012-11-30 12:10:00	0	1	0
B15_1429_00177100	1429	Breast_Set_1_5day_B15_1429_00177100_18043.csv	18043	2012-10-31 00:00:00	00:00:00	00:00:00	Breast_Set_1_5day	16	24	384	1040530	Exported with EnVision Workstation version 1.12		2012-11-30 12:10:00	2012-11-30 12:10:00	0	1	0
B15_1430_00177110	1430	Breast_Set_1_5day_B15_1430_00177110_18042.csv	18042	2012-10-31 00:00:00	00:00:00	00:00:00	Breast_Set_1_5day	16	24	384	1040530	Exported with EnVision Workstation version 1.12		2012-11-30 12:10:00	2012-11-30 12:10:00	0	1	0
B15_1432_00177120	1432	Breast_Set_1_5day_B15_1432_00177120_18038.csv	18038	2012-10-31 00:00:00	00:00:00	00:00:00	Breast_Set_1_5day	16	24	384	1040530	Exported with EnVision Workstation version 1.12		2012-11-30 12:10:00	2012-11-30 12:10:00	0	1	0
B15_1433_00177130	1433	Breast_Set_1_5day_B15_1433_00177130_18033.csv	18033	2012-10-31 00:00:00	00:00:00	00:00:00	Breast_Set_1_5day	16	24	384	1040530	Exported with EnVision Workstation version 1.12		2012-11-30 12:10:00	2012-11-30 12:10:00	10000		0
B15_1435_00177140	1435	Breast_Set_1_5day_B15_1435_00177140_18032.csv	18032	2012-10-31 00:00:00	00:00:00	00:00:00	Breast_Set_1_5day	16	24	384	1040530	Exported with EnVision Workstation version 1.12		2012-11-30 12:10:00	2012-11-30 12:10:00	0	1	0
B15_1436_00177150	1436	Breast_Set_1_5day_B15_1436_00177150_18040.csv	18040	2012-10-31 00:00:00	00:00:00	00:00:00	Breast_Set_1_5day	16	24	384	1040530	Exported with EnVision Workstation version 1.12		2012-11-30 12:10:00	2012-11-30 12:10:00	0	1	0
B15_1437_00177160	1437	Breast_Set_1_5day_B15_1437_00177160_18034.csv	18034	2012-10-31 00:00:00	00:00:00	00:00:00	Breast_Set_1_5day	16	24	384	1040530	Exported with EnVision Workstation version 1.12		2012-11-30 12:10:00	2012-11-30 12:10:00	0	1	0
B15_1440_00177170	1440	Breast_Set_1_5day_B15_1440_00177170_18029.csv	18029	2012-10-31 00:00:00	00:00:00	00:00:00	Breast_Set_1_5day	16	24	384	1040530	Exported with EnVision Workstation version 1.12		2012-11-30 12:10:00	2012-11-30 12:10:00	0	1	0
B15_1441_00177180	1441	Breast_Set_1_5day_B15_1441_00177180_18030.csv	18030	2012-10-31 00:00:00	00:00:00	00:00:00	Breast_Set_1_5day	16	24	384	1040530	Exported with EnVision Workstation version 1.12		2012-11-30 12:10:00	2012-11-30 12:10:00	0	1	0
B15_1442_00177190	1442	Breast_Set_1_5day_B15_1442_00177190_18037.csv	18037	2012-10-31 00:00:00	00:00:00	00:00:00	Breast_Set_1_5day	16	24	384	1040530	Exported with EnVision Workstation version 1.12		2012-11-30 12:10:00	2012-11-30 12:10:00	10000		0
B15_1447_00177210	1447	Breast_Set_1_5day_B15_1447_00177210_18036.csv	18036	2012-10-31 00:00:00	00:00:00	00:00:00	Breast_Set_1_5day	16	24	384	1040530	Exported with EnVision Workstation version 1.12		2012-11-30 12:10:00	2012-11-30 12:10:00	0	1	0
B15_1452_00177220	1452	Breast_Set_1_5day_B15_1452_00177220_18039.csv	18039	2012-10-31 00:00:00	00:00:00	00:00:00	Breast_Set_1_5day	16	24	384	1040530	Exported with EnVision Workstation version 1.12		2012-11-30 12:10:00	2012-11-30 12:10:00	0	1	0
B15_1457_00177230	1457	Breast_Set_1_5day_B15_1457_00177230_18045.csv	18045	2012-10-31 00:00:00	00:00:00	00:00:00	Breast_Set_1_5day	16	24	384	1040530	Exported with EnVision Workstation version 1.12		2012-11-30 12:10:00	2012-11-30 12:10:00	0	1	0
B15_1461_00177240	1461	Breast_Set_1_5day_B15_1461_00177240_18044.csv	18044	2012-10-31 00:00:00	00:00:00	00:00:00	Breast_Set_1_5day	16	24	384	1040530	Exported with EnVision Workstation version 1.12		2012-11-30 12:10:00	2012-11-30 12:10:00	0	1	0
B15_1462_00177250	1462	Breast_Set_1_5day_B15_1462_00177250_18027.csv	18027	2012-10-31 00:00:00	00:00:00	00:00:00	Breast_Set_1_5day	16	24	384	1040530	Exported with EnVision Workstation version 1.12		2012-11-30 12:10:00	2012-11-30 12:10:00	0	1	0
B25_1409_00177420	1409	Breast_Set_2_5day_B25_1409_00177420_18063.csv	18063	2012-10-31 00:00:00	00:00:00	00:00:00	Breast_Set_2_5day	16	24	384	1040530	Exported with EnVision Workstation version 1.12		2012-11-30 12:10:00	2012-11-30 12:10:00	0	1	0
B25_1421_00177260	1421	Breast_Set_2_5day_B25_1421_00177260_18064.csv	18064	2012-10-31 00:00:00	00:00:00	00:00:00	Breast_Set_2_5day	16	24	384	1040530	Exported with EnVision Workstation version 1.12		2012-11-30 12:10:00	2012-11-30 12:10:00	0	1	0
B25_1422_00177270	1422	Breast_Set_2_5day_B25_1422_00177270_18067.csv	18067	2012-10-31 00:00:00	00:00:00	00:00:00	Breast_Set_2_5day	16	24	384	1040530	Exported with EnVision Workstation version 1.12		2012-11-30 12:10:00	2012-11-30 12:10:00	0	1	0
B25_1423_00177280	1423	Breast_Set_2_5day_B25_1423_00177280_18052.csv	18052	2012-10-31 00:00:00	00:00:00	00:00:00	Breast_Set_2_5day	16	24	384	1040530	Exported with EnVision Workstation version 1.12		2012-11-30 12:10:00	2012-11-30 12:10:00	0	1	0
B25_1426_00177290	1426	Breast_Set_2_5day_B25_1426_00177290_18049.csv	18049	2012-10-31 00:00:00	00:00:00	00:00:00	Breast_Set_2_5day	16	24	384	1040530	Exported with EnVision Workstation version 1.12		2012-11-30 12:10:00	2012-11-30 12:10:00	0	1	0
B25_1427_00177300	1427	Breast_Set_2_5day_B25_1427_00177300_18053.csv	18053	2012-10-31 00:00:00	00:00:00	00:00:00	Breast_Set_2_5day	16	24	384	1040530	Exported with EnVision Workstation version 1.12		2012-11-30 12:10:00	2012-11-30 12:10:00	0	1	0
B25_1428_00177310	1428	Breast_Set_2_5day_B25_1428_00177310_18050.csv	18050	2012-10-31 00:00:00	00:00:00	00:00:00	Breast_Set_2_5day	16	24	384	1040530	Exported with EnVision Workstation version 1.12		2012-11-30 12:10:00	2012-11-30 12:10:00	0	1	0
B25_1429_00177320	1429	Breast_Set_2_5day_B25_1429_00177320_18054.csv	18054	2012-10-31 00:00:00	00:00:00	00:00:00	Breast_Set_2_5day	16	24	384	1040530	Exported with EnVision Workstation version 1.12		2012-11-30 12:10:00	2012-11-30 12:10:00	0	1	0
B25_1430_00177330	1430	Breast_Set_2_5day_B25_1430_00177330_18066.csv	18066	2012-10-31 00:00:00	00:00:00	00:00:00	Breast_Set_2_5day	16	24	384	1040530	Exported with EnVision Workstation version 1.12		2012-11-30 12:10:00	2012-11-30 12:10:00	0	1	0
B25_1432_00177340	1432	Breast_Set_2_5day_B25_1432_00177340_18058.csv	18058	2012-10-31 00:00:00	00:00:00	00:00:00	Breast_Set_2_5day	16	24	384	1040530	Exported with EnVision Workstation version 1.12		2012-11-30 12:10:00	2012-11-30 12:10:00	0	1	0
B25_1433_00177350	1433	Breast_Set_2_5day_B25_1433_00177350_18051.csv	18051	2012-10-31 00:00:00	00:00:00	00:00:00	Breast_Set_2_5day	16	24	384	1040530	Exported with EnVision Workstation version 1.12		2012-11-30 12:10:00	2012-11-30 12:10:00	0	1	0
B25_1435_00177360	1435	Breast_Set_2_5day_B25_1435_00177360_18065.csv	18065	2012-10-31 00:00:00	00:00:00	00:00:00	Breast_Set_2_5day	16	24	384	1040530	Exported with EnVision Workstation version 1.12		2012-11-30 12:10:00	2012-11-30 12:10:00	0	1	0
B25_1436_00177370	1436	Breast_Set_2_5day_B25_1436_00177370_18062.csv	18062	2012-10-31 00:00:00	00:00:00	00:00:00	Breast_Set_2_5day	16	24	384	1040530	Exported with EnVision Workstation version 1.12		2012-11-30 12:10:00	2012-11-30 12:10:00	0	1	0
B25_1437_00177380	1437	Breast_Set_2_5day_B25_1437_00177380_18061.csv	18061	2012-10-31 00:00:00	00:00:00	00:00:00	Breast_Set_2_5day	16	24	384	1040530	Exported with EnVision Workstation version 1.12		2012-11-30 12:10:00	2012-11-30 12:10:00	0	1	0
B25_1440_00177390	1440	Breast_Set_2_5day_B25_1440_00177390_18059.csv	18059	2012-10-31 00:00:00	00:00:00	00:00:00	Breast_Set_2_5day	16	24	384	1040530	Exported with EnVision Workstation version 1.12		2012-11-30 12:10:00	2012-11-30 12:10:00	0	1	0
B25_1441_00177400	1441	Breast_Set_2_5day_B25_1441_00177400_18056.csv	18056	2012-10-31 00:00:00	00:00:00	00:00:00	Breast_Set_2_5day	16	24	384	1040530	Exported with EnVision Workstation version 1.12		2012-11-30 12:10:00	2012-11-30 12:10:00	0	1	0
B25_1442_00177410	1442	Breast_Set_2_5day_B25_1442_00177410_18055.csv	18055	2012-10-31 00:00:00	00:00:00	00:00:00	Breast_Set_2_5day	16	24	384	1040530	Exported with EnVision Workstation version 1.12		2012-11-30 12:10:00	2012-11-30 12:10:00	0	1	0
B25_1447_00177430	1447	Breast_Set_2_5day_B25_1447_00177430_18068.csv	18068	2012-10-31 00:00:00	00:00:00	00:00:00	Breast_Set_2_5day	16	24	384	1040530	Exported with EnVision Workstation version 1.12		2012-11-30 12:10:00	2012-11-30 12:10:00	0	1	0
B25_1457_00177450	1457	Breast_Set_2_5day_B25_1457_00177450_18069.csv	18069	2012-10-31 00:00:00	00:00:00	00:00:00	Breast_Set_2_5day	16	24	384	1040530	Exported with EnVision Workstation version 1.12		2012-11-30 12:10:00	2012-11-30 12:10:00	0	1	0
B25_1461_00177460	1461	Breast_Set_2_5day_B25_1461_00177460_18070.csv	18070	2012-10-31 00:00:00	00:00:00	00:00:00	Breast_Set_2_5day	16	24	384	1040530	Exported with EnVision Workstation version 1.12		2012-11-30 12:10:00	2012-11-30 12:10:00	0	1	0
B25_1462_00177470	1462	Breast_Set_2_5day_B25_1462_00177470_18057.csv	18057	2012-10-31 00:00:00	00:00:00	00:00:00	Breast_Set_2_5day	16	24	384	1040530	Exported with EnVision Workstation version 1.12		2012-11-30 12:10:00	2012-11-30 12:10:00	0	1	0
B17_1409_00177860	1409	Breast_Set_1_7day_B17_1409_00177860_18142.csv	18142	2012-11-02 00:00:00	00:00:00	00:00:00	Breast_Set_1_7day	16	24	384	1040530	Exported with EnVision Workstation version 1.12		2012-11-30 12:10:00	2012-11-30 12:10:00	0	1	0
B17_1421_00177700	1421	Breast_Set_1_7day_B17_1421_00177700_18141.csv	18141	2012-11-02 00:00:00	00:00:00	00:00:00	Breast_Set_1_7day	16	24	384	1040530	Exported with EnVision Workstation version 1.12		2012-11-30 12:10:00	2012-11-30 12:10:00	10000		0
B17_1422_00177710	1422	Breast_Set_1_7day_B17_1422_00177710_18140.csv	18140	2012-11-02 00:00:00	00:00:00	00:00:00	Breast_Set_1_7day	16	24	384	1040530	Exported with EnVision Workstation version 1.12		2012-11-30 12:10:00	2012-11-30 12:10:00	10000		0
B17_1423_00177720	1423	Breast_Set_1_7day_B17_1423_00177720_18127.csv	18127	2012-11-02 00:00:00	00:00:00	00:00:00	Breast_Set_1_7day	16	24	384	1040530	Exported with EnVision Workstation version 1.12		2012-11-30 12:10:00	2012-11-30 12:10:00	10000		0
B17_1426_00177730	1426	Breast_Set_1_7day_B17_1426_00177730_18128.csv	18128	2012-11-02 00:00:00	00:00:00	00:00:00	Breast_Set_1_7day	16	24	384	1040530	Exported with EnVision Workstation version 1.12		2012-11-30 12:10:00	2012-11-30 12:10:00	10000		0
B17_1427_00177740	1427	Breast_Set_1_7day_B17_1427_00177740_18126.csv	18126	2012-11-02 00:00:00	00:00:00	00:00:00	Breast_Set_1_7day	16	24	384	1040530	Exported with EnVision Workstation version 1.12		2012-11-30 12:10:00	2012-11-30 12:10:00	0	1	0
B17_1428_00177750	1428	Breast_Set_1_7day_B17_1428_00177750_18130.csv	18130	2012-11-02 00:00:00	00:00:00	00:00:00	Breast_Set_1_7day	16	24	384	1040530	Exported with EnVision Workstation version 1.12		2012-11-30 12:10:00	2012-11-30 12:10:00	0	1	0
B17_1429_00177760	1429	Breast_Set_1_7day_B17_1429_00177760_18125.csv	18125	2012-11-02 00:00:00	00:00:00	00:00:00	Breast_Set_1_7day	16	24	384	1040530	Exported with EnVision Workstation version 1.12		2012-11-30 12:10:00	2012-11-30 12:10:00	10000		0
B17_1430_00177770	1430	Breast_Set_1_7day_B17_1430_00177770_18135.csv	18135	2012-11-02 00:00:00	00:00:00	00:00:00	Breast_Set_1_7day	16	24	384	1040530	Exported with EnVision Workstation version 1.12		2012-11-30 12:10:00	2012-11-30 12:10:00	10000		0
B17_1432_00177780	1432	Breast_Set_1_7day_B17_1432_00177780_18120.csv	18120	2012-11-02 00:00:00	00:00:00	00:00:00	Breast_Set_1_7day	16	24	384	1040530	Exported with EnVision Workstation version 1.12		2012-11-30 12:10:00	2012-11-30 12:10:00	0	1	0
B17_1433_00177790	1433	Breast_Set_1_7day_B17_1433_00177790_18129.csv	18129	2012-11-02 00:00:00	00:00:00	00:00:00	Breast_Set_1_7day	16	24	384	1040530	Exported with EnVision Workstation version 1.12		2012-11-30 12:10:00	2012-11-30 12:10:00	10000		0
B17_1435_00177800	1435	Breast_Set_1_7day_B17_1435_00177800_18136.csv	18136	2012-11-02 00:00:00	00:00:00	00:00:00	Breast_Set_1_7day	16	24	384	1040530	Exported with EnVision Workstation version 1.12		2012-11-30 12:10:00	2012-11-30 12:10:00	10000		X
B17_1436_00177810	1436	Breast_Set_1_7day_B17_1436_00177810_18124.csv	18124	2012-11-02 00:00:00	00:00:00	00:00:00	Breast_Set_1_7day	16	24	384	1040530	Exported with EnVision Workstation version 1.12		2012-11-30 12:10:00	2012-11-30 12:10:00	10000		0
B17_1437_00177820	1437	Breast_Set_1_7day_B17_1437_00177820_18123.csv	18123	2012-11-02 00:00:00	00:00:00	00:00:00	Breast_Set_1_7day	16	24	384	1040530	Exported with EnVision Workstation version 1.12		2012-11-30 12:10:00	2012-11-30 12:10:00	10000		0
B17_1440_00177830	1440	Breast_Set_1_7day_B17_1440_00177830_18122.csv	18122	2012-11-02 00:00:00	00:00:00	00:00:00	Breast_Set_1_7day	16	24	384	1040530	Exported with EnVision Workstation version 1.12		2012-11-30 12:10:00	2012-11-30 12:10:00	10000		0
B17_1441_00177840	1441	Breast_Set_1_7day_B17_1441_00177840_18137.csv	18137	2012-11-02 00:00:00	00:00:00	00:00:00	Breast_Set_1_7day	16	24	384	1040530	Exported with EnVision Workstation version 1.12		2012-11-30 12:10:00	2012-11-30 12:10:00	10000		X
B17_1442_00177850	1442	Breast_Set_1_7day_B17_1442_00177850_18138.csv	18138	2012-11-02 00:00:00	00:00:00	00:00:00	Breast_Set_1_7day	16	24	384	1040530	Exported with EnVision Workstation version 1.12		2012-11-30 12:10:00	2012-11-30 12:10:00	10000		X
B17_1447_00177870	1447	Breast_Set_1_7day_B17_1447_00177870_18139.csv	18139	2012-11-02 00:00:00	00:00:00	00:00:00	Breast_Set_1_7day	16	24	384	1040530	Exported with EnVision Workstation version 1.12		2012-11-30 12:10:00	2012-11-30 12:10:00	10000		0
B17_1452_00177880	1452	Breast_Set_1_7day_B17_1452_00177880_18121.csv	18121	2012-11-02 00:00:00	00:00:00	00:00:00	Breast_Set_1_7day	16	24	384	1040530	Exported with EnVision Workstation version 1.12		2012-11-30 12:10:00	2012-11-30 12:10:00	10000		0
B17_1457_00177890	1457	Breast_Set_1_7day_B17_1457_00177890_18134.csv	18134	2012-11-02 00:00:00	00:00:00	00:00:00	Breast_Set_1_7day	16	24	384	1040530	Exported with EnVision Workstation version 1.12		2012-11-30 12:10:00	2012-11-30 12:10:00	10000		0
B17_1461_00177900	1461	Breast_Set_1_7day_B17_1461_00177900_18133.csv	18133	2012-11-02 00:00:00	00:00:00	00:00:00	Breast_Set_1_7day	16	24	384	1040530	Exported with EnVision Workstation version 1.12		2012-11-30 12:10:00	2012-11-30 12:10:00	0	1	0
B27_1409_00177640	1409	Breast_Set_2_7day_B27_1409_00177640_18155.csv	18155	2012-11-02 00:00:00	00:00:00	00:00:00	Breast_Set_2_7day	16	24	384	1040530	Exported with EnVision Workstation version 1.12		2012-11-30 12:10:00	2012-11-30 12:10:00	0	1	0
B27_1421_00177480	1421	Breast_Set_2_7day_B27_1421_00177480_18144.csv	18144	2012-11-02 00:00:00	00:00:00	00:00:00	Breast_Set_2_7day	16	24	384	1040530	Exported with EnVision Workstation version 1.12		2012-11-30 12:10:00	2012-11-30 12:10:00	0	1	0
B27_1422_00177490	1422	Breast_Set_2_7day_B27_1422_00177490_18163.csv	18163	2012-11-02 00:00:00	00:00:00	00:00:00	Breast_Set_2_7day	16	24	384	1040530	Exported with EnVision Workstation version 1.12		2012-11-30 12:10:00	2012-11-30 12:10:00	0	1	0
B27_1423_00177500	1423	Breast_Set_2_7day_B27_1423_00177500_18159.csv	18159	2012-11-02 00:00:00	00:00:00	00:00:00	Breast_Set_2_7day	16	24	384	1040530	Exported with EnVision Workstation version 1.12		2012-11-30 12:10:00	2012-11-30 12:10:00	0	1	0
B27_1426_00177510	1426	Breast_Set_2_7day_B27_1426_00177510_18147.csv	18147	2012-11-02 00:00:00	00:00:00	00:00:00	Breast_Set_2_7day	16	24	384	1040530	Exported with EnVision Workstation version 1.12		2012-11-30 12:10:00	2012-11-30 12:10:00	0	1	0
B27_1427_00177520	1427	Breast_Set_2_7day_B27_1427_00177520_18158.csv	18158	2012-11-02 00:00:00	00:00:00	00:00:00	Breast_Set_2_7day	16	24	384	1040530	Exported with EnVision Workstation version 1.12		2012-11-30 12:10:00	2012-11-30 12:10:00	0	1	0
B27_1428_00177530	1428	Breast_Set_2_7day_B27_1428_00177530_18157.csv	18157	2012-11-02 00:00:00	00:00:00	00:00:00	Breast_Set_2_7day	16	24	384	1040530	Exported with EnVision Workstation version 1.12		2012-11-30 12:10:00	2012-11-30 12:10:00	0	1	0
B27_1429_00177540	1429	Breast_Set_2_7day_B27_1429_00177540_18154.csv	18154	2012-11-02 00:00:00	00:00:00	00:00:00	Breast_Set_2_7day	16	24	384	1040530	Exported with EnVision Workstation version 1.12		2012-11-30 12:10:00	2012-11-30 12:10:00	0	1	0
B27_1430_00177550	1430	Breast_Set_2_7day_B27_1430_00177550_18143.csv	18143	2012-11-02 00:00:00	00:00:00	00:00:00	Breast_Set_2_7day	16	24	384	1040530	Exported with EnVision Workstation version 1.12		2012-11-30 12:10:00	2012-11-30 12:10:00	0	1	0
B27_1432_00177560	1432	Breast_Set_2_7day_B27_1432_00177560_18149.csv	18149	2012-11-02 00:00:00	00:00:00	00:00:00	Breast_Set_2_7day	16	24	384	1040530	Exported with EnVision Workstation version 1.12		2012-11-30 12:10:00	2012-11-30 12:10:00	0	1	0
B27_1433_00177570	1433	Breast_Set_2_7day_B27_1433_00177570_18156.csv	18156	2012-11-02 00:00:00	00:00:00	00:00:00	Breast_Set_2_7day	16	24	384	1040530	Exported with EnVision Workstation version 1.12		2012-11-30 12:10:00	2012-11-30 12:10:00	0	1	0
B27_1435_00177580	1435	Breast_Set_2_7day_B27_1435_00177580_18151.csv	18151	2012-11-02 00:00:00	00:00:00	00:00:00	Breast_Set_2_7day	16	24	384	1040530	Exported with EnVision Workstation version 1.12		2012-11-30 12:10:00	2012-11-30 12:10:00	10000		X
B27_1436_00177590	1436	Breast_Set_2_7day_B27_1436_00177590_18162.csv	18162	2012-11-02 00:00:00	00:00:00	00:00:00	Breast_Set_2_7day	16	24	384	1040530	Exported with EnVision Workstation version 1.12		2012-11-30 12:10:00	2012-11-30 12:10:00	0	1	0
B27_1437_00177600	1437	Breast_Set_2_7day_B27_1437_00177600_18160.csv	18160	2012-11-02 00:00:00	00:00:00	00:00:00	Breast_Set_2_7day	16	24	384	1040530	Exported with EnVision Workstation version 1.12		2012-11-30 12:10:00	2012-11-30 12:10:00	0	1	0
B27_1440_00177610	1440	Breast_Set_2_7day_B27_1440_00177610_18161.csv	18161	2012-11-02 00:00:00	00:00:00	00:00:00	Breast_Set_2_7day	16	24	384	1040530	Exported with EnVision Workstation version 1.12		2012-11-30 12:10:00	2012-11-30 12:10:00	0	1	0
B27_1441_00177620	1441	Breast_Set_2_7day_B27_1441_00177620_18152.csv	18152	2012-11-02 00:00:00	00:00:00	00:00:00	Breast_Set_2_7day	16	24	384	1040530	Exported with EnVision Workstation version 1.12		2012-11-30 12:10:00	2012-11-30 12:10:00	10000		X
B27_1442_00177630	1442	Breast_Set_2_7day_B27_1442_00177630_18153.csv	18153	2012-11-02 00:00:00	00:00:00	00:00:00	Breast_Set_2_7day	16	24	384	1040530	Exported with EnVision Workstation version 1.12		2012-11-30 12:10:00	2012-11-30 12:10:00	0	1	0
B27_1447_00177650	1447	Breast_Set_2_7day_B27_1447_00177650_18146.csv	18146	2012-11-02 00:00:00	00:00:00	00:00:00	Breast_Set_2_7day	16	24	384	1040530	Exported with EnVision Workstation version 1.12		2012-11-30 12:10:00	2012-11-30 12:10:00	0	1	0
B27_1452_00177660	1452	Breast_Set_2_7day_B27_1452_00177660_18150.csv	18150	2012-11-02 00:00:00	00:00:00	00:00:00	Breast_Set_2_7day	16	24	384	1040530	Exported with EnVision Workstation version 1.12		2012-11-30 12:10:00	2012-11-30 12:10:00	0	1	0
B27_1457_00177670	1457	Breast_Set_2_7day_B27_1457_00177670_18145.csv	18145	2012-11-02 00:00:00	00:00:00	00:00:00	Breast_Set_2_7day	16	24	384	1040530	Exported with EnVision Workstation version 1.12		2012-11-30 12:10:00	2012-11-30 12:10:00	0	1	0
B27_1461_00177680	1461	Breast_Set_2_7day_B27_1461_00177680_18148.csv	18148	2012-11-02 00:00:00	00:00:00	00:00:00	Breast_Set_2_7day	16	24	384	1040530	Exported with EnVision Workstation version 1.12		2012-11-30 12:10:00	2012-11-30 12:10:00	0	1	0
B13_1409_00180730	1409	Breast_Set_1_3day_B13_1409_00180730_18423.csv	18423	2012-11-12 00:00:00	00:00:00	00:00:00	Breast_Set_1_3day	16	24	384	1040530	Exported with EnVision Workstation version 1.12		2012-11-21 17:00:00	2012-11-21 17:00:00	0	1	0
B13_1421_00180580	1421	Breast_Set_1_3day_B13_1421_00180580_18428.csv	18428	2012-11-12 00:00:00	00:00:00	00:00:00	Breast_Set_1_3day	16	24	384	1040530	Exported with EnVision Workstation version 1.12		2012-11-21 17:00:00	2012-11-21 17:00:00	0	1	0
B13_1422_00180590	1422	Breast_Set_1_3day_B13_1422_00180590_18429.csv	18429	2012-11-12 00:00:00	00:00:00	00:00:00	Breast_Set_1_3day	16	24	384	1040530	Exported with EnVision Workstation version 1.12		2012-11-21 17:00:00	2012-11-21 17:00:00	0	1	0
B13_1423_00180600	1423	Breast_Set_1_3day_B13_1423_00180600_18421.csv	18421	2012-11-12 00:00:00	00:00:00	00:00:00	Breast_Set_1_3day	16	24	384	1040530	Exported with EnVision Workstation version 1.12		2012-11-21 17:00:00	2012-11-21 17:00:00	0	1	0
B13_1426_00180610	1426	Breast_Set_1_3day_B13_1426_00180610_18420.csv	18420	2012-11-12 00:00:00	00:00:00	00:00:00	Breast_Set_1_3day	16	24	384	1040530	Exported with EnVision Workstation version 1.12		2012-11-21 17:00:00	2012-11-21 17:00:00	0	1	0
B13_1427_00180620	1427	Breast_Set_1_3day_B13_1427_00180620_18427.csv	18427	2012-11-12 00:00:00	00:00:00	00:00:00	Breast_Set_1_3day	16	24	384	1040530	Exported with EnVision Workstation version 1.12		2012-11-21 17:00:00	2012-11-21 17:00:00	0	1	0
B13_1428_00180630	1428	Breast_Set_1_3day_B13_1428_00180630_18419.csv	18419	2012-11-12 00:00:00	00:00:00	00:00:00	Breast_Set_1_3day	16	24	384	1040530	Exported with EnVision Workstation version 1.12		2012-11-21 17:00:00	2012-11-21 17:00:00	0	1	0
B13_1429_00180640	1429	Breast_Set_1_3day_B13_1429_00180640_18426.csv	18426	2012-11-12 00:00:00	00:00:00	00:00:00	Breast_Set_1_3day	16	24	384	1040530	Exported with EnVision Workstation version 1.12		2012-11-21 17:00:00	2012-11-21 17:00:00	0	1	0
B13_1430_00180650	1430	Breast_Set_1_3day_B13_1430_00180650_18418.csv	18418	2012-11-12 00:00:00	00:00:00	00:00:00	Breast_Set_1_3day	16	24	384	1040530	Exported with EnVision Workstation version 1.12		2012-11-21 17:00:00	2012-11-21 17:00:00	0	1	0
B13_1433_00180660	1433	Breast_Set_1_3day_B13_1433_00180660_18417.csv	18417	2012-11-12 00:00:00	00:00:00	00:00:00	Breast_Set_1_3day	16	24	384	1040530	Exported with EnVision Workstation version 1.12		2012-11-21 17:00:00	2012-11-21 17:00:00	0	1	0
B13_1435_00180670	1435	Breast_Set_1_3day_B13_1435_00180670_18424.csv	18424	2012-11-12 00:00:00	00:00:00	00:00:00	Breast_Set_1_3day	16	24	384	1040530	Exported with EnVision Workstation version 1.12		2012-11-21 17:00:00	2012-11-21 17:00:00	0	1	0
B13_1436_00180680	1436	Breast_Set_1_3day_B13_1436_00180680_18415.csv	18415	2012-11-12 00:00:00	00:00:00	00:00:00	Breast_Set_1_3day	16	24	384	1040530	Exported with EnVision Workstation version 1.12		2012-11-21 17:00:00	2012-11-21 17:00:00	0	1	0
B13_1437_00180690	1437	Breast_Set_1_3day_B13_1437_00180690_18416.csv	18416	2012-11-12 00:00:00	00:00:00	00:00:00	Breast_Set_1_3day	16	24	384	1040530	Exported with EnVision Workstation version 1.12		2012-11-21 17:00:00	2012-11-21 17:00:00	10000		0
B13_1440_00180700	1440	Breast_Set_1_3day_B13_1440_00180700_18411.csv	18411	2012-11-12 00:00:00	00:00:00	00:00:00	Breast_Set_1_3day	16	24	384	1040530	Exported with EnVision Workstation version 1.12		2012-11-21 17:00:00	2012-11-21 17:00:00	10000		x
B13_1441_00180710	1441	Breast_Set_1_3day_B13_1441_00180710_18425.csv	18425	2012-11-12 00:00:00	00:00:00	00:00:00	Breast_Set_1_3day	16	24	384	1040530	Exported with EnVision Workstation version 1.12		2012-11-21 17:00:00	2012-11-21 17:00:00	0	1	0
B13_1442_00180720	1442	Breast_Set_1_3day_B13_1442_00180720_18422.csv	18422	2012-11-12 00:00:00	00:00:00	00:00:00	Breast_Set_1_3day	16	24	384	1040530	Exported with EnVision Workstation version 1.12		2012-11-21 17:00:00	2012-11-21 17:00:00	0	1	0
B13_1447_00180740	1447	Breast_Set_1_3day_B13_1447_00180740_18412.csv	18412	2012-11-12 00:00:00	00:00:00	00:00:00	Breast_Set_1_3day	16	24	384	1040530	Exported with EnVision Workstation version 1.12		2012-11-21 17:00:00	2012-11-21 17:00:00	10000		0
B13_1457_00180750	1457	Breast_Set_1_3day_B13_1457_00180750_18414.csv	18414	2012-11-12 00:00:00	00:00:00	00:00:00	Breast_Set_1_3day	16	24	384	1040530	Exported with EnVision Workstation version 1.12		2012-11-21 17:00:00	2012-11-21 17:00:00	10000		0
B13_1461_00180760	1461	Breast_Set_1_3day_B13_1461_00180760_18413.csv	18413	2012-11-12 00:00:00	00:00:00	00:00:00	Breast_Set_1_3day	16	24	384	1040530	Exported with EnVision Workstation version 1.12		2012-11-21 17:00:00	2012-11-21 17:00:00	0	1	0
B23_1409_00181110	1409	Breast_Set_2_3day_B23_1409_00181110_18482.csv	18482	2012-11-12 00:00:00	00:00:00	00:00:00	Breast_Set_2_3day	16	24	384	1040530	Exported with EnVision Workstation version 1.12		2012-11-21 17:00:00	2012-11-21 17:00:00	0	1	0
B23_1421_00180960	1421	Breast_Set_2_3day_B23_1421_00180960_18483.csv	18483	2012-11-12 00:00:00	00:00:00	00:00:00	Breast_Set_2_3day	16	24	384	1040530	Exported with EnVision Workstation version 1.12		2012-11-21 17:00:00	2012-11-21 17:00:00	0	1	0
B23_1422_00180970	1422	Breast_Set_2_3day_B23_1422_00180970_18473.csv	18473	2012-11-12 00:00:00	00:00:00	00:00:00	Breast_Set_2_3day	16	24	384	1040530	Exported with EnVision Workstation version 1.12		2012-11-21 17:00:00	2012-11-21 17:00:00	0	1	0
B23_1423_00180980	1423	Breast_Set_2_3day_B23_1423_00180980_18477.csv	18477	2012-11-12 00:00:00	00:00:00	00:00:00	Breast_Set_2_3day	16	24	384	1040530	Exported with EnVision Workstation version 1.12		2012-11-21 17:00:00	2012-11-21 17:00:00	0	1	0
B23_1426_00180990	1426	Breast_Set_2_3day_B23_1426_00180990_18474.csv	18474	2012-11-12 00:00:00	00:00:00	00:00:00	Breast_Set_2_3day	16	24	384	1040530	Exported with EnVision Workstation version 1.12		2012-11-21 17:00:00	2012-11-21 17:00:00	0	1	0
B23_1427_00181000	1427	Breast_Set_2_3day_B23_1427_00181000_18478.csv	18478	2012-11-12 00:00:00	00:00:00	00:00:00	Breast_Set_2_3day	16	24	384	1040530	Exported with EnVision Workstation version 1.12		2012-11-21 17:00:00	2012-11-21 17:00:00	0	1	0
B23_1428_00181010	1428	Breast_Set_2_3day_B23_1428_00181010_18488.csv	18488	2012-11-12 00:00:00	00:00:00	00:00:00	Breast_Set_2_3day	16	24	384	1040530	Exported with EnVision Workstation version 1.12		2012-11-21 17:00:00	2012-11-21 17:00:00	0	1	0
B23_1429_00181020	1429	Breast_Set_2_3day_B23_1429_00181020_18475.csv	18475	2012-11-12 00:00:00	00:00:00	00:00:00	Breast_Set_2_3day	16	24	384	1040530	Exported with EnVision Workstation version 1.12		2012-11-21 17:00:00	2012-11-21 17:00:00	0	1	0
B23_1430_00181030	1430	Breast_Set_2_3day_B23_1430_00181030_18480.csv	18480	2012-11-12 00:00:00	00:00:00	00:00:00	Breast_Set_2_3day	16	24	384	1040530	Exported with EnVision Workstation version 1.12		2012-11-21 17:00:00	2012-11-21 17:00:00	0	1	0
B23_1433_00181040	1433	Breast_Set_2_3day_B23_1433_00181040_18489.csv	18489	2012-11-12 00:00:00	00:00:00	00:00:00	Breast_Set_2_3day	16	24	384	1040530	Exported with EnVision Workstation version 1.12		2012-11-21 17:00:00	2012-11-21 17:00:00	0	1	0
B23_1435_00181050	1435	Breast_Set_2_3day_B23_1435_00181050_18476.csv	18476	2012-11-12 00:00:00	00:00:00	00:00:00	Breast_Set_2_3day	16	24	384	1040530	Exported with EnVision Workstation version 1.12		2012-11-21 17:00:00	2012-11-21 17:00:00	0	1	0
B23_1436_00181060	1436	Breast_Set_2_3day_B23_1436_00181060_18481.csv	18481	2012-11-12 00:00:00	00:00:00	00:00:00	Breast_Set_2_3day	16	24	384	1040530	Exported with EnVision Workstation version 1.12		2012-11-21 17:00:00	2012-11-21 17:00:00	0	1	0
B23_1437_00181070	1437	Breast_Set_2_3day_B23_1437_00181070_18490.csv	18490	2012-11-12 00:00:00	00:00:00	00:00:00	Breast_Set_2_3day	16	24	384	1040530	Exported with EnVision Workstation version 1.12		2012-11-21 17:00:00	2012-11-21 17:00:00	0	1	0
B23_1440_00181080	1440	Breast_Set_2_3day_B23_1440_00181080_18491.csv	18491	2012-11-12 00:00:00	00:00:00	00:00:00	Breast_Set_2_3day	16	24	384	1040530	Exported with EnVision Workstation version 1.12		2012-11-21 17:00:00	2012-11-21 17:00:00	0	1	0
B23_1441_00181090	1441	Breast_Set_2_3day_B23_1441_00181090_18479.csv	18479	2012-11-12 00:00:00	00:00:00	00:00:00	Breast_Set_2_3day	16	24	384	1040530	Exported with EnVision Workstation version 1.12		2012-11-21 17:00:00	2012-11-21 17:00:00	0	1	0
B23_1442_00181100	1442	Breast_Set_2_3day_B23_1442_00181100_18484.csv	18484	2012-11-12 00:00:00	00:00:00	00:00:00	Breast_Set_2_3day	16	24	384	1040530	Exported with EnVision Workstation version 1.12		2012-11-21 17:00:00	2012-11-21 17:00:00	0	1	0
B23_1447_00181120	1447	Breast_Set_2_3day_B23_1447_00181120_18485.csv	18485	2012-11-12 00:00:00	00:00:00	00:00:00	Breast_Set_2_3day	16	24	384	1040530	Exported with EnVision Workstation version 1.12		2012-11-21 17:00:00	2012-11-21 17:00:00	0	1	0
B23_1457_00181130	1457	Breast_Set_2_3day_B23_1457_00181130_18486.csv	18486	2012-11-12 00:00:00	00:00:00	00:00:00	Breast_Set_2_3day	16	24	384	1040530	Exported with EnVision Workstation version 1.12		2012-11-21 17:00:00	2012-11-21 17:00:00	0	1	0
B23_1461_00181140	1461	Breast_Set_2_3day_B23_1461_00181140_18487.csv	18487	2012-11-12 00:00:00	00:00:00	00:00:00	Breast_Set_2_3day	16	24	384	1040530	Exported with EnVision Workstation version 1.12		2012-11-21 17:00:00	2012-11-21 17:00:00	0	1	0
B15_1409_00180920	1409	Breast_Set_1_5day_B15_1409_00180920_18523.csv	18523	2012-11-14 00:00:00	00:00:00	00:00:00	Breast_Set_1_5day	16	24	384	1040530	Exported with EnVision Workstation version 1.12		2012-11-21 17:00:00	2012-11-21 17:00:00	0	1	0
B15_1421_00180770	1421	Breast_Set_1_5day_B15_1421_00180770_18518.csv	18518	2012-11-14 00:00:00	00:00:00	00:00:00	Breast_Set_1_5day	16	24	384	1040530	Exported with EnVision Workstation version 1.12		2012-11-21 17:00:00	2012-11-21 17:00:00	10000		x
B15_1422_00180780	1422	Breast_Set_1_5day_B15_1422_00180780_18519.csv	18519	2012-11-14 00:00:00	00:00:00	00:00:00	Breast_Set_1_5day	16	24	384	1040530	Exported with EnVision Workstation version 1.12		2012-11-21 17:00:00	2012-11-21 17:00:00	10000		X
B15_1423_00180790	1423	Breast_Set_1_5day_B15_1423_00180790_18530.csv	18530	2012-11-14 00:00:00	00:00:00	00:00:00	Breast_Set_1_5day	16	24	384	1040530	Exported with EnVision Workstation version 1.12		2012-11-21 17:00:00	2012-11-21 17:00:00	10000		0
B15_1426_00180800	1426	Breast_Set_1_5day_B15_1426_00180800_18520.csv	18520	2012-11-14 00:00:00	00:00:00	00:00:00	Breast_Set_1_5day	16	24	384	1040530	Exported with EnVision Workstation version 1.12		2012-11-21 17:00:00	2012-11-21 17:00:00	10000		x
B15_1427_00180810	1427	Breast_Set_1_5day_B15_1427_00180810_18526.csv	18526	2012-11-14 00:00:00	00:00:00	00:00:00	Breast_Set_1_5day	16	24	384	1040530	Exported with EnVision Workstation version 1.12		2012-11-21 17:00:00	2012-11-21 17:00:00	10000		X
B15_1428_00180820	1428	Breast_Set_1_5day_B15_1428_00180820_18521.csv	18521	2012-11-14 00:00:00	00:00:00	00:00:00	Breast_Set_1_5day	16	24	384	1040530	Exported with EnVision Workstation version 1.12		2012-11-21 17:00:00	2012-11-21 17:00:00	10000		X
B15_1429_00180830	1429	Breast_Set_1_5day_B15_1429_00180830_18527.csv	18527	2012-11-14 00:00:00	00:00:00	00:00:00	Breast_Set_1_5day	16	24	384	1040530	Exported with EnVision Workstation version 1.12		2012-11-21 17:00:00	2012-11-21 17:00:00	0	1	0
B15_1430_00180840	1430	Breast_Set_1_5day_B15_1430_00180840_18529.csv	18529	2012-11-14 00:00:00	00:00:00	00:00:00	Breast_Set_1_5day	16	24	384	1040530	Exported with EnVision Workstation version 1.12		2012-11-21 17:00:00	2012-11-21 17:00:00	10000		0
B15_1433_00180850	1433	Breast_Set_1_5day_B15_1433_00180850_18528.csv	18528	2012-11-14 00:00:00	00:00:00	00:00:00	Breast_Set_1_5day	16	24	384	1040530	Exported with EnVision Workstation version 1.12		2012-11-21 17:00:00	2012-11-21 17:00:00	10000		X
B15_1435_00180860	1435	Breast_Set_1_5day_B15_1435_00180860_18522.csv	18522	2012-11-14 00:00:00	00:00:00	00:00:00	Breast_Set_1_5day	16	24	384	1040530	Exported with EnVision Workstation version 1.12		2012-11-21 17:00:00	2012-11-21 17:00:00	10000		0
B15_1436_00180870	1436	Breast_Set_1_5day_B15_1436_00180870_18532.csv	18532	2012-11-14 00:00:00	00:00:00	00:00:00	Breast_Set_1_5day	16	24	384	1040530	Exported with EnVision Workstation version 1.12		2012-11-21 17:00:00	2012-11-21 17:00:00	0	1	0
B15_1437_00180880	1437	Breast_Set_1_5day_B15_1437_00180880_18533.csv	18533	2012-11-14 00:00:00	00:00:00	00:00:00	Breast_Set_1_5day	16	24	384	1040530	Exported with EnVision Workstation version 1.12		2012-11-21 17:00:00	2012-11-21 17:00:00	10000		X
B15_1440_00180890	1440	Breast_Set_1_5day_B15_1440_00180890_18534.csv	18534	2012-11-14 00:00:00	00:00:00	00:00:00	Breast_Set_1_5day	16	24	384	1040530	Exported with EnVision Workstation version 1.12		2012-11-21 17:00:00	2012-11-21 17:00:00	10000		x
B15_1441_00180900	1441	Breast_Set_1_5day_B15_1441_00180900_18524.csv	18524	2012-11-14 00:00:00	00:00:00	00:00:00	Breast_Set_1_5day	16	24	384	1040530	Exported with EnVision Workstation version 1.12		2012-11-21 17:00:00	2012-11-21 17:00:00	0	1	0
B15_1442_00180910	1442	Breast_Set_1_5day_B15_1442_00180910_18531.csv	18531	2012-11-14 00:00:00	00:00:00	00:00:00	Breast_Set_1_5day	16	24	384	1040530	Exported with EnVision Workstation version 1.12		2012-11-21 17:00:00	2012-11-21 17:00:00	10000		X
B15_1447_00180930	1447	Breast_Set_1_5day_B15_1447_00180930_18535.csv	18535	2012-11-14 00:00:00	00:00:00	00:00:00	Breast_Set_1_5day	16	24	384	1040530	Exported with EnVision Workstation version 1.12		2012-11-21 17:00:00	2012-11-21 17:00:00	10000		X
B15_1457_00180940	1457	Breast_Set_1_5day_B15_1457_00180940_18536.csv	18536	2012-11-14 00:00:00	00:00:00	00:00:00	Breast_Set_1_5day	16	24	384	1040530	Exported with EnVision Workstation version 1.12		2012-11-21 17:00:00	2012-11-21 17:00:00	10000		X
B15_1461_00180950	1461	Breast_Set_1_5day_B15_1461_00180950_18525.csv	18525	2012-11-14 00:00:00	00:00:00	00:00:00	Breast_Set_1_5day	16	24	384	1040530	Exported with EnVision Workstation version 1.12		2012-11-21 17:00:00	2012-11-21 17:00:00	10000		X
B25_1409_00181300	1409	Breast_Set_2_5day_B25_1409_00181300_18499.csv	18499	2012-11-14 00:00:00	00:00:00	00:00:00	Breast_Set_2_5day	16	24	384	1040530	Exported with EnVision Workstation version 1.12		2012-11-21 17:00:00	2012-11-21 17:00:00	0	1	0
B25_1421_00181150	1421	Breast_Set_2_5day_B25_1421_00181150_18507.csv	18507	2012-11-14 00:00:00	00:00:00	00:00:00	Breast_Set_2_5day	16	24	384	1040530	Exported with EnVision Workstation version 1.12		2012-11-21 17:00:00	2012-11-21 17:00:00	0	1	0
B25_1422_00181160	1422	Breast_Set_2_5day_B25_1422_00181160_18508.csv	18508	2012-11-14 00:00:00	00:00:00	00:00:00	Breast_Set_2_5day	16	24	384	1040530	Exported with EnVision Workstation version 1.12		2012-11-21 17:00:00	2012-11-21 17:00:00	0	1	0
B25_1423_00181170	1423	Breast_Set_2_5day_B25_1423_00181170_18504.csv	18504	2012-11-14 00:00:00	00:00:00	00:00:00	Breast_Set_2_5day	16	24	384	1040530	Exported with EnVision Workstation version 1.12		2012-11-21 17:00:00	2012-11-21 17:00:00	0	1	0
B25_1426_00181180	1426	Breast_Set_2_5day_B25_1426_00181180_18509.csv	18509	2012-11-14 00:00:00	00:00:00	00:00:00	Breast_Set_2_5day	16	24	384	1040530	Exported with EnVision Workstation version 1.12		2012-11-21 17:00:00	2012-11-21 17:00:00	0	1	0
B25_1427_00181190	1427	Breast_Set_2_5day_B25_1427_00181190_18505.csv	18505	2012-11-14 00:00:00	00:00:00	00:00:00	Breast_Set_2_5day	16	24	384	1040530	Exported with EnVision Workstation version 1.12		2012-11-21 17:00:00	2012-11-21 17:00:00	0	1	0
B25_1428_00181200	1428	Breast_Set_2_5day_B25_1428_00181200_18510.csv	18510	2012-11-14 00:00:00	00:00:00	00:00:00	Breast_Set_2_5day	16	24	384	1040530	Exported with EnVision Workstation version 1.12		2012-11-21 17:00:00	2012-11-21 17:00:00	10000		X
B25_1429_00181210	1429	Breast_Set_2_5day_B25_1429_00181210_18495.csv	18495	2012-11-14 00:00:00	00:00:00	00:00:00	Breast_Set_2_5day	16	24	384	1040530	Exported with EnVision Workstation version 1.12		2012-11-21 17:00:00	2012-11-21 17:00:00	0	1	0
B25_1430_00181220	1430	Breast_Set_2_5day_B25_1430_00181220_18501.csv	18501	2012-11-14 00:00:00	00:00:00	00:00:00	Breast_Set_2_5day	16	24	384	1040530	Exported with EnVision Workstation version 1.12		2012-11-21 17:00:00	2012-11-21 17:00:00	0	1	0
B25_1433_00181230	1433	Breast_Set_2_5day_B25_1433_00181230_18494.csv	18494	2012-11-14 00:00:00	00:00:00	00:00:00	Breast_Set_2_5day	16	24	384	1040530	Exported with EnVision Workstation version 1.12		2012-11-21 17:00:00	2012-11-21 17:00:00	0	1	0
B25_1435_00181240	1435	Breast_Set_2_5day_B25_1435_00181240_18496.csv	18496	2012-11-14 00:00:00	00:00:00	00:00:00	Breast_Set_2_5day	16	24	384	1040530	Exported with EnVision Workstation version 1.12		2012-11-21 17:00:00	2012-11-21 17:00:00	0	1	0
B25_1436_00181250	1436	Breast_Set_2_5day_B25_1436_00181250_18502.csv	18502	2012-11-14 00:00:00	00:00:00	00:00:00	Breast_Set_2_5day	16	24	384	1040530	Exported with EnVision Workstation version 1.12		2012-11-21 17:00:00	2012-11-21 17:00:00	0	1	0
B25_1437_00181260	1437	Breast_Set_2_5day_B25_1437_00181260_18503.csv	18503	2012-11-14 00:00:00	00:00:00	00:00:00	Breast_Set_2_5day	16	24	384	1040530	Exported with EnVision Workstation version 1.12		2012-11-21 17:00:00	2012-11-21 17:00:00	0	1	0
B25_1440_00181270	1440	Breast_Set_2_5day_B25_1440_00181270_18500.csv	18500	2012-11-14 00:00:00	00:00:00	00:00:00	Breast_Set_2_5day	16	24	384	1040530	Exported with EnVision Workstation version 1.12		2012-11-21 17:00:00	2012-11-21 17:00:00	0	1	0
B25_1441_00181280	1441	Breast_Set_2_5day_B25_1441_00181280_18497.csv	18497	2012-11-14 00:00:00	00:00:00	00:00:00	Breast_Set_2_5day	16	24	384	1040530	Exported with EnVision Workstation version 1.12		2012-11-21 17:00:00	2012-11-21 17:00:00	0	1	0
B25_1442_00181290	1442	Breast_Set_2_5day_B25_1442_00181290_18498.csv	18498	2012-11-14 00:00:00	00:00:00	00:00:00	Breast_Set_2_5day	16	24	384	1040530	Exported with EnVision Workstation version 1.12		2012-11-21 17:00:00	2012-11-21 17:00:00	0	1	0
B25_1447_00181310	1447	Breast_Set_2_5day_B25_1447_00181310_18506.csv	18506	2012-11-14 00:00:00	00:00:00	00:00:00	Breast_Set_2_5day	16	24	384	1040530	Exported with EnVision Workstation version 1.12		2012-11-21 17:00:00	2012-11-21 17:00:00	10000		X
B25_1457_00181320	1457	Breast_Set_2_5day_B25_1457_00181320_18492.csv	18492	2012-11-14 00:00:00	00:00:00	00:00:00	Breast_Set_2_5day	16	24	384	1040530	Exported with EnVision Workstation version 1.12		2012-11-21 17:00:00	2012-11-21 17:00:00	0	1	0
B25_1461_00181330	1461	Breast_Set_2_5day_B25_1461_00181330_18493.csv	18493	2012-11-14 00:00:00	00:00:00	00:00:00	Breast_Set_2_5day	16	24	384	1040530	Exported with EnVision Workstation version 1.12		2012-11-21 17:00:00	2012-11-21 17:00:00	0	1	0
B13_1409_00183570	1409	Breast_Set_1_3day_B13_1409_00183570_18808.csv	18808	2012-11-19 00:00:00	00:00:00	00:00:00	Breast_Set_1_3day	16	24	384	1040530	Exported with EnVision Workstation version 1.12		2012-11-30 12:10:00	2012-11-30 12:10:00	0	1	0
B13_1421_00183420	1421	Breast_Set_1_3day_B13_1421_00183420_18816.csv	18816	2012-11-19 00:00:00	00:00:00	00:00:00	Breast_Set_1_3day	16	24	384	1040530	Exported with EnVision Workstation version 1.12		2012-11-30 12:10:00	2012-11-30 12:10:00	0	1	0
B13_1422_00183430	1422	Breast_Set_1_3day_B13_1422_00183430_18815.csv	18815	2012-11-19 00:00:00	00:00:00	00:00:00	Breast_Set_1_3day	16	24	384	1040530	Exported with EnVision Workstation version 1.12		2012-11-30 12:10:00	2012-11-30 12:10:00	0	1	0
B13_1423_00183440	1423	Breast_Set_1_3day_B13_1423_00183440_18801.csv	18801	2012-11-19 00:00:00	00:00:00	00:00:00	Breast_Set_1_3day	16	24	384	1040530	Exported with EnVision Workstation version 1.12		2012-11-30 12:10:00	2012-11-30 12:10:00	0	1	0
B13_1426_00183450	1426	Breast_Set_1_3day_B13_1426_00183450_18811.csv	18811	2012-11-19 00:00:00	00:00:00	00:00:00	Breast_Set_1_3day	16	24	384	1040530	Exported with EnVision Workstation version 1.12		2012-11-30 12:10:00	2012-11-30 12:10:00	0	1	0
B13_1427_00183460	1427	Breast_Set_1_3day_B13_1427_00183460_18802.csv	18802	2012-11-19 00:00:00	00:00:00	00:00:00	Breast_Set_1_3day	16	24	384	1040530	Exported with EnVision Workstation version 1.12		2012-11-30 12:10:00	2012-11-30 12:10:00	0	1	0
B13_1428_00183470	1428	Breast_Set_1_3day_B13_1428_00183470_18813.csv	18813	2012-11-19 00:00:00	00:00:00	00:00:00	Breast_Set_1_3day	16	24	384	1040530	Exported with EnVision Workstation version 1.12		2012-11-30 12:10:00	2012-11-30 12:10:00	0	1	0
B13_1429_00183480	1429	Breast_Set_1_3day_B13_1429_00183480_18803.csv	18803	2012-11-19 00:00:00	00:00:00	00:00:00	Breast_Set_1_3day	16	24	384	1040530	Exported with EnVision Workstation version 1.12		2012-11-30 12:10:00	2012-11-30 12:10:00	0	1	0
B13_1430_00183490	1430	Breast_Set_1_3day_B13_1430_00183490_18810.csv	18810	2012-11-19 00:00:00	00:00:00	00:00:00	Breast_Set_1_3day	16	24	384	1040530	Exported with EnVision Workstation version 1.12		2012-11-30 12:10:00	2012-11-30 12:10:00	0	1	0
B13_1433_00183500	1433	Breast_Set_1_3day_B13_1433_00183500_18814.csv	18814	2012-11-19 00:00:00	00:00:00	00:00:00	Breast_Set_1_3day	16	24	384	1040530	Exported with EnVision Workstation version 1.12		2012-11-30 12:10:00	2012-11-30 12:10:00	0	1	0
B13_1435_00183510	1435	Breast_Set_1_3day_B13_1435_00183510_18807.csv	18807	2012-11-19 00:00:00	00:00:00	00:00:00	Breast_Set_1_3day	16	24	384	1040530	Exported with EnVision Workstation version 1.12		2012-11-30 12:10:00	2012-11-30 12:10:00	0	1	0
B13_1436_00183520	1436	Breast_Set_1_3day_B13_1436_00183520_18798.csv	18798	2012-11-19 00:00:00	00:00:00	00:00:00	Breast_Set_1_3day	16	24	384	1040530	Exported with EnVision Workstation version 1.12		2012-11-30 12:10:00	2012-11-30 12:10:00	0	1	0
B13_1437_00183530	1437	Breast_Set_1_3day_B13_1437_00183530_18799.csv	18799	2012-11-19 00:00:00	00:00:00	00:00:00	Breast_Set_1_3day	16	24	384	1040530	Exported with EnVision Workstation version 1.12		2012-11-30 12:10:00	2012-11-30 12:10:00	0	1	0
B13_1440_00183540	1440	Breast_Set_1_3day_B13_1440_00183540_18800.csv	18800	2012-11-19 00:00:00	00:00:00	00:00:00	Breast_Set_1_3day	16	24	384	1040530	Exported with EnVision Workstation version 1.12		2012-11-30 12:10:00	2012-11-30 12:10:00	0	1	0
B13_1441_00183550	1441	Breast_Set_1_3day_B13_1441_00183550_18806.csv	18806	2012-11-19 00:00:00	00:00:00	00:00:00	Breast_Set_1_3day	16	24	384	1040530	Exported with EnVision Workstation version 1.12		2012-11-30 12:10:00	2012-11-30 12:10:00	0	1	0
B13_1442_00183560	1442	Breast_Set_1_3day_B13_1442_00183560_18809.csv	18809	2012-11-19 00:00:00	00:00:00	00:00:00	Breast_Set_1_3day	16	24	384	1040530	Exported with EnVision Workstation version 1.12		2012-11-30 12:10:00	2012-11-30 12:10:00	0	1	0
B13_1447_00183580	1447	Breast_Set_1_3day_B13_1447_00183580_18805.csv	18805	2012-11-19 00:00:00	00:00:00	00:00:00	Breast_Set_1_3day	16	24	384	1040530	Exported with EnVision Workstation version 1.12		2012-11-30 12:10:00	2012-11-30 12:10:00	0	1	0
B13_1457_00183600	1457	Breast_Set_1_3day_B13_1457_00183600_18804.csv	18804	2012-11-19 00:00:00	00:00:00	00:00:00	Breast_Set_1_3day	16	24	384	1040530	Exported with EnVision Workstation version 1.12		2012-11-30 12:10:00	2012-11-30 12:10:00	0	1	0
B13_1461_00183610	1461	Breast_Set_1_3day_B13_1461_00183610_18812.csv	18812	2012-11-19 00:00:00	00:00:00	00:00:00	Breast_Set_1_3day	16	24	384	1040530	Exported with EnVision Workstation version 1.12		2012-11-30 12:10:00	2012-11-30 12:10:00	0	1	0
B23_1409_00183970	1409	Breast_Set_2_3day_B23_1409_00183970_18780.csv	18780	2012-11-19 00:00:00	00:00:00	00:00:00	Breast_Set_2_3day	16	24	384	1040530	Exported with EnVision Workstation version 1.12		2012-11-30 12:10:00	2012-11-30 12:10:00	0	1	0
B23_1421_00183820	1421	Breast_Set_2_3day_B23_1421_00183820_18784.csv	18784	2012-11-19 00:00:00	00:00:00	00:00:00	Breast_Set_2_3day	16	24	384	1040530	Exported with EnVision Workstation version 1.12		2012-11-30 12:10:00	2012-11-30 12:10:00	0	1	0
B23_1422_00183830	1422	Breast_Set_2_3day_B23_1422_00183830_18783.csv	18783	2012-11-19 00:00:00	00:00:00	00:00:00	Breast_Set_2_3day	16	24	384	1040530	Exported with EnVision Workstation version 1.12		2012-11-30 12:10:00	2012-11-30 12:10:00	0	1	0
B23_1423_00183840	1423	Breast_Set_2_3day_B23_1423_00183840_18793.csv	18793	2012-11-19 00:00:00	00:00:00	00:00:00	Breast_Set_2_3day	16	24	384	1040530	Exported with EnVision Workstation version 1.12		2012-11-30 12:10:00	2012-11-30 12:10:00	0	1	0
B23_1426_00183850	1426	Breast_Set_2_3day_B23_1426_00183850_18788.csv	18788	2012-11-19 00:00:00	00:00:00	00:00:00	Breast_Set_2_3day	16	24	384	1040530	Exported with EnVision Workstation version 1.12		2012-11-30 12:10:00	2012-11-30 12:10:00	0	1	0
B23_1427_00183860	1427	Breast_Set_2_3day_B23_1427_00183860_18794.csv	18794	2012-11-19 00:00:00	00:00:00	00:00:00	Breast_Set_2_3day	16	24	384	1040530	Exported with EnVision Workstation version 1.12		2012-11-30 12:10:00	2012-11-30 12:10:00	0	1	0
B23_1428_00183870	1428	Breast_Set_2_3day_B23_1428_00183870_18790.csv	18790	2012-11-19 00:00:00	00:00:00	00:00:00	Breast_Set_2_3day	16	24	384	1040530	Exported with EnVision Workstation version 1.12		2012-11-30 12:10:00	2012-11-30 12:10:00	0	1	0
B23_1429_00183880	1429	Breast_Set_2_3day_B23_1429_00183880_18795.csv	18795	2012-11-19 00:00:00	00:00:00	00:00:00	Breast_Set_2_3day	16	24	384	1040530	Exported with EnVision Workstation version 1.12		2012-11-30 12:10:00	2012-11-30 12:10:00	0	1	0
B23_1430_00183890	1430	Breast_Set_2_3day_B23_1430_00183890_18796.csv	18796	2012-11-19 00:00:00	00:00:00	00:00:00	Breast_Set_2_3day	16	24	384	1040530	Exported with EnVision Workstation version 1.12		2012-11-30 12:10:00	2012-11-30 12:10:00	0	1	0
B23_1433_00183900	1433	Breast_Set_2_3day_B23_1433_00183900_18791.csv	18791	2012-11-19 00:00:00	00:00:00	00:00:00	Breast_Set_2_3day	16	24	384	1040530	Exported with EnVision Workstation version 1.12		2012-11-30 12:10:00	2012-11-30 12:10:00	0	1	0
B23_1435_00183910	1435	Breast_Set_2_3day_B23_1435_00183910_18779.csv	18779	2012-11-19 00:00:00	00:00:00	00:00:00	Breast_Set_2_3day	16	24	384	1040530	Exported with EnVision Workstation version 1.12		2012-11-30 12:10:00	2012-11-30 12:10:00	0	1	0
B23_1436_00183920	1436	Breast_Set_2_3day_B23_1436_00183920_18782.csv	18782	2012-11-19 00:00:00	00:00:00	00:00:00	Breast_Set_2_3day	16	24	384	1040530	Exported with EnVision Workstation version 1.12		2012-11-30 12:10:00	2012-11-30 12:10:00	0	1	0
B23_1437_00183930	1437	Breast_Set_2_3day_B23_1437_00183930_18787.csv	18787	2012-11-19 00:00:00	00:00:00	00:00:00	Breast_Set_2_3day	16	24	384	1040530	Exported with EnVision Workstation version 1.12		2012-11-30 12:10:00	2012-11-30 12:10:00	0	1	0
B23_1440_00183940	1440	Breast_Set_2_3day_B23_1440_00183940_18792.csv	18792	2012-11-19 00:00:00	00:00:00	00:00:00	Breast_Set_2_3day	16	24	384	1040530	Exported with EnVision Workstation version 1.12		2012-11-30 12:10:00	2012-11-30 12:10:00	0	1	0
B23_1441_00183950	1441	Breast_Set_2_3day_B23_1441_00183950_18778.csv	18778	2012-11-19 00:00:00	00:00:00	00:00:00	Breast_Set_2_3day	16	24	384	1040530	Exported with EnVision Workstation version 1.12		2012-11-30 12:10:00	2012-11-30 12:10:00	0	1	0
B23_1442_00183960	1442	Breast_Set_2_3day_B23_1442_00183960_18781.csv	18781	2012-11-19 00:00:00	00:00:00	00:00:00	Breast_Set_2_3day	16	24	384	1040530	Exported with EnVision Workstation version 1.12		2012-11-30 12:10:00	2012-11-30 12:10:00	0	1	0
B23_1447_00183980	1447	Breast_Set_2_3day_B23_1447_00183980_18786.csv	18786	2012-11-19 00:00:00	00:00:00	00:00:00	Breast_Set_2_3day	16	24	384	1040530	Exported with EnVision Workstation version 1.12		2012-11-30 12:10:00	2012-11-30 12:10:00	0	1	0
B23_1452_00183990	1452	Breast_Set_2_3day_B23_1452_00183990_18797.csv	18797	2012-11-19 00:00:00	00:00:00	00:00:00	Breast_Set_2_3day	16	24	384	1040530	Exported with EnVision Workstation version 1.12		2012-11-30 12:10:00	2012-11-30 12:10:00	0	1	0
B23_1457_00184000	1457	Breast_Set_2_3day_B23_1457_00184000_18785.csv	18785	2012-11-19 00:00:00	00:00:00	00:00:00	Breast_Set_2_3day	16	24	384	1040530	Exported with EnVision Workstation version 1.12		2012-11-30 12:10:00	2012-11-30 12:10:00	0	1	0
B23_1461_00184010	1461	Breast_Set_2_3day_B23_1461_00184010_18789.csv	18789	2012-11-19 00:00:00	00:00:00	00:00:00	Breast_Set_2_3day	16	24	384	1040530	Exported with EnVision Workstation version 1.12		2012-11-30 12:10:00	2012-11-30 12:10:00	0	1	0
B15_1409_00183770	1409	Breast_Set_1_5day_B15_1409_00183770_18837.csv	18837	2012-11-21 00:00:00	00:00:00	00:00:00	Breast_Set_1_5day	16	24	384	1040530	Exported with EnVision Workstation version 1.12		2012-11-30 12:10:00	2012-11-30 12:10:00	10000		0
B15_1421_00183620	1421	Breast_Set_1_5day_B15_1421_00183620_18840.csv	18840	2012-11-21 00:00:00	00:00:00	00:00:00	Breast_Set_1_5day	16	24	384	1040530	Exported with EnVision Workstation version 1.12		2012-11-30 12:10:00	2012-11-30 12:10:00	10000		X
B15_1422_00183630	1422	Breast_Set_1_5day_B15_1422_00183630_18839.csv	18839	2012-11-21 00:00:00	00:00:00	00:00:00	Breast_Set_1_5day	16	24	384	1040530	Exported with EnVision Workstation version 1.12		2012-11-30 12:10:00	2012-11-30 12:10:00	10000		X
B15_1423_00183640	1423	Breast_Set_1_5day_B15_1423_00183640_18846.csv	18846	2012-11-21 00:00:00	00:00:00	00:00:00	Breast_Set_1_5day	16	24	384	1040530	Exported with EnVision Workstation version 1.12		2012-11-30 12:10:00	2012-11-30 12:10:00	10000		X
B15_1426_00183650	1426	Breast_Set_1_5day_B15_1426_00183650_18851.csv	18851	2012-11-21 00:00:00	00:00:00	00:00:00	Breast_Set_1_5day	16	24	384	1040530	Exported with EnVision Workstation version 1.12		2012-11-30 12:10:00	2012-11-30 12:10:00	10000		X
B15_1427_00183660	1427	Breast_Set_1_5day_B15_1427_00183660_18845.csv	18845	2012-11-21 00:00:00	00:00:00	00:00:00	Breast_Set_1_5day	16	24	384	1040530	Exported with EnVision Workstation version 1.12		2012-11-30 12:10:00	2012-11-30 12:10:00	10000		X
B15_1428_00183670	1428	Breast_Set_1_5day_B15_1428_00183670_18854.csv	18854	2012-11-21 00:00:00	00:00:00	00:00:00	Breast_Set_1_5day	16	24	384	1040530	Exported with EnVision Workstation version 1.12		2012-11-30 12:10:00	2012-11-30 12:10:00	10000		0
B15_1429_00183680	1429	Breast_Set_1_5day_B15_1429_00183680_18848.csv	18848	2012-11-21 00:00:00	00:00:00	00:00:00	Breast_Set_1_5day	16	24	384	1040530	Exported with EnVision Workstation version 1.12		2012-11-30 12:10:00	2012-11-30 12:10:00	0	1	0
B15_1430_00183690	1430	Breast_Set_1_5day_B15_1430_00183690_18847.csv	18847	2012-11-21 00:00:00	00:00:00	00:00:00	Breast_Set_1_5day	16	24	384	1040530	Exported with EnVision Workstation version 1.12		2012-11-30 12:10:00	2012-11-30 12:10:00	0	1	0
B15_1433_00183700	1433	Breast_Set_1_5day_B15_1433_00183700_18853.csv	18853	2012-11-21 00:00:00	00:00:00	00:00:00	Breast_Set_1_5day	16	24	384	1040530	Exported with EnVision Workstation version 1.12		2012-11-30 12:10:00	2012-11-30 12:10:00	10000		X
B15_1435_00183710	1435	Breast_Set_1_5day_B15_1435_00183710_18844.csv	18844	2012-11-21 00:00:00	00:00:00	00:00:00	Breast_Set_1_5day	16	24	384	1040530	Exported with EnVision Workstation version 1.12		2012-11-30 12:10:00	2012-11-30 12:10:00	0	1	0
B15_1436_00183720	1436	Breast_Set_1_5day_B15_1436_00183720_18856.csv	18856	2012-11-21 00:00:00	00:00:00	00:00:00	Breast_Set_1_5day	16	24	384	1040530	Exported with EnVision Workstation version 1.12		2012-11-30 12:10:00	2012-11-30 12:10:00	0	1	0
B15_1437_00183730	1437	Breast_Set_1_5day_B15_1437_00183730_18855.csv	18855	2012-11-21 00:00:00	00:00:00	00:00:00	Breast_Set_1_5day	16	24	384	1040530	Exported with EnVision Workstation version 1.12		2012-11-30 12:10:00	2012-11-30 12:10:00	10000		X
B15_1440_00183740	1440	Breast_Set_1_5day_B15_1440_00183740_18842.csv	18842	2012-11-21 00:00:00	00:00:00	00:00:00	Breast_Set_1_5day	16	24	384	1040530	Exported with EnVision Workstation version 1.12		2012-11-30 12:10:00	2012-11-30 12:10:00	10000		0
B15_1441_00183750	1441	Breast_Set_1_5day_B15_1441_00183750_18843.csv	18843	2012-11-21 00:00:00	00:00:00	00:00:00	Breast_Set_1_5day	16	24	384	1040530	Exported with EnVision Workstation version 1.12		2012-11-30 12:10:00	2012-11-30 12:10:00	0	1	0
B15_1442_00183760	1442	Breast_Set_1_5day_B15_1442_00183760_18838.csv	18838	2012-11-21 00:00:00	00:00:00	00:00:00	Breast_Set_1_5day	16	24	384	1040530	Exported with EnVision Workstation version 1.12		2012-11-30 12:10:00	2012-11-30 12:10:00	10000		X
B15_1447_00183780	1447	Breast_Set_1_5day_B15_1447_00183780_18850.csv	18850	2012-11-21 00:00:00	00:00:00	00:00:00	Breast_Set_1_5day	16	24	384	1040530	Exported with EnVision Workstation version 1.12		2012-11-30 12:10:00	2012-11-30 12:10:00	10000		0
B15_1452_00183790	1452	Breast_Set_1_5day_B15_1452_00183790_18841.csv	18841	2012-11-21 00:00:00	00:00:00	00:00:00	Breast_Set_1_5day	16	24	384	1040530	Exported with EnVision Workstation version 1.12		2012-11-30 12:10:00	2012-11-30 12:10:00	10000		0
B15_1457_00183800	1457	Breast_Set_1_5day_B15_1457_00183800_18849.csv	18849	2012-11-21 00:00:00	00:00:00	00:00:00	Breast_Set_1_5day	16	24	384	1040530	Exported with EnVision Workstation version 1.12		2012-11-30 12:10:00	2012-11-30 12:10:00	10000		X
B15_1461_00183810	1461	Breast_Set_1_5day_B15_1461_00183810_18852.csv	18852	2012-11-21 00:00:00	00:00:00	00:00:00	Breast_Set_1_5day	16	24	384	1040530	Exported with EnVision Workstation version 1.12		2012-11-30 12:10:00	2012-11-30 12:10:00	0	1	0
B25_1409_00184170	1409	Breast_Set_2_5day_B25_1409_00184170_18831.csv	18831	2012-11-21 00:00:00	00:00:00	00:00:00	Breast_Set_2_5day	16	24	384	1040530	Exported with EnVision Workstation version 1.12		2012-11-30 12:10:00	2012-11-30 12:10:00	10000		0
B25_1421_00184020	1421	Breast_Set_2_5day_B25_1421_00184020_18834.csv	18834	2012-11-21 00:00:00	00:00:00	00:00:00	Breast_Set_2_5day	16	24	384	1040530	Exported with EnVision Workstation version 1.12		2012-11-30 12:10:00	2012-11-30 12:10:00	0	1	0
B25_1422_00184030	1422	Breast_Set_2_5day_B25_1422_00184030_18833.csv	18833	2012-11-21 00:00:00	00:00:00	00:00:00	Breast_Set_2_5day	16	24	384	1040530	Exported with EnVision Workstation version 1.12		2012-11-30 12:10:00	2012-11-30 12:10:00	0	1	0
B25_1423_00184040	1423	Breast_Set_2_5day_B25_1423_00184040_18818.csv	18818	2012-11-21 00:00:00	00:00:00	00:00:00	Breast_Set_2_5day	16	24	384	1040530	Exported with EnVision Workstation version 1.12		2012-11-30 12:10:00	2012-11-30 12:10:00	0	1	0
B25_1426_00184050	1426	Breast_Set_2_5day_B25_1426_00184050_18825.csv	18825	2012-11-21 00:00:00	00:00:00	00:00:00	Breast_Set_2_5day	16	24	384	1040530	Exported with EnVision Workstation version 1.12		2012-11-30 12:10:00	2012-11-30 12:10:00	0	1	0
B25_1427_00184060	1427	Breast_Set_2_5day_B25_1427_00184060_18817.csv	18817	2012-11-21 00:00:00	00:00:00	00:00:00	Breast_Set_2_5day	16	24	384	1040530	Exported with EnVision Workstation version 1.12		2012-11-30 12:10:00	2012-11-30 12:10:00	0	1	0
B25_1428_00184070	1428	Breast_Set_2_5day_B25_1428_00184070_18828.csv	18828	2012-11-21 00:00:00	00:00:00	00:00:00	Breast_Set_2_5day	16	24	384	1040530	Exported with EnVision Workstation version 1.12		2012-11-30 12:10:00	2012-11-30 12:10:00	0	1	0
B25_1429_00184080	1429	Breast_Set_2_5day_B25_1429_00184080_18820.csv	18820	2012-11-21 00:00:00	00:00:00	00:00:00	Breast_Set_2_5day	16	24	384	1040530	Exported with EnVision Workstation version 1.12		2012-11-30 12:10:00	2012-11-30 12:10:00	0	1	0
B25_1430_00184090	1430	Breast_Set_2_5day_B25_1430_00184090_18819.csv	18819	2012-11-21 00:00:00	00:00:00	00:00:00	Breast_Set_2_5day	16	24	384	1040530	Exported with EnVision Workstation version 1.12		2012-11-30 12:10:00	2012-11-30 12:10:00	0	1	0
B25_1433_00184100	1433	Breast_Set_2_5day_B25_1433_00184100_18827.csv	18827	2012-11-21 00:00:00	00:00:00	00:00:00	Breast_Set_2_5day	16	24	384	1040530	Exported with EnVision Workstation version 1.12		2012-11-30 12:10:00	2012-11-30 12:10:00	0	1	0
B25_1435_00184110	1435	Breast_Set_2_5day_B25_1435_00184110_18830.csv	18830	2012-11-21 00:00:00	00:00:00	00:00:00	Breast_Set_2_5day	16	24	384	1040530	Exported with EnVision Workstation version 1.12		2012-11-30 12:10:00	2012-11-30 12:10:00	0	1	0
B25_1436_00184120	1436	Breast_Set_2_5day_B25_1436_00184120_18821.csv	18821	2012-11-21 00:00:00	00:00:00	00:00:00	Breast_Set_2_5day	16	24	384	1040530	Exported with EnVision Workstation version 1.12		2012-11-30 12:10:00	2012-11-30 12:10:00	0	1	0
B25_1437_00184130	1437	Breast_Set_2_5day_B25_1437_00184130_18822.csv	18822	2012-11-21 00:00:00	00:00:00	00:00:00	Breast_Set_2_5day	16	24	384	1040530	Exported with EnVision Workstation version 1.12		2012-11-30 12:10:00	2012-11-30 12:10:00	0	1	0
B25_1440_00184140	1440	Breast_Set_2_5day_B25_1440_00184140_18836.csv	18836	2012-11-21 00:00:00	00:00:00	00:00:00	Breast_Set_2_5day	16	24	384	1040530	Exported with EnVision Workstation version 1.12		2012-11-30 12:10:00	2012-11-30 12:10:00	0	1	0
B25_1441_00184150	1441	Breast_Set_2_5day_B25_1441_00184150_18829.csv	18829	2012-11-21 00:00:00	00:00:00	00:00:00	Breast_Set_2_5day	16	24	384	1040530	Exported with EnVision Workstation version 1.12		2012-11-30 12:10:00	2012-11-30 12:10:00	0	1	0
B25_1442_00184160	1442	Breast_Set_2_5day_B25_1442_00184160_18832.csv	18832	2012-11-21 00:00:00	00:00:00	00:00:00	Breast_Set_2_5day	16	24	384	1040530	Exported with EnVision Workstation version 1.12		2012-11-30 12:10:00	2012-11-30 12:10:00	0	1	0
B25_1447_00184180	1447	Breast_Set_2_5day_B25_1447_00184180_18824.csv	18824	2012-11-21 00:00:00	00:00:00	00:00:00	Breast_Set_2_5day	16	24	384	1040530	Exported with EnVision Workstation version 1.12		2012-11-30 12:10:00	2012-11-30 12:10:00	0	1	0
B25_1452_00184190	1452	Breast_Set_2_5day_B25_1452_00184190_18835.csv	18835	2012-11-21 00:00:00	00:00:00	00:00:00	Breast_Set_2_5day	16	24	384	1040530	Exported with EnVision Workstation version 1.12		2012-11-30 12:10:00	2012-11-30 12:10:00	0	1	0
B25_1457_00184200	1457	Breast_Set_2_5day_B25_1457_00184200_18823.csv	18823	2012-11-21 00:00:00	00:00:00	00:00:00	Breast_Set_2_5day	16	24	384	1040530	Exported with EnVision Workstation version 1.12		2012-11-30 12:10:00	2012-11-30 12:10:00	0	1	0
B25_1461_00184210	1461	Breast_Set_2_5day_B25_1461_00184210_18826.csv	18826	2012-11-21 00:00:00	00:00:00	00:00:00	Breast_Set_2_5day	16	24	384	1040530	Exported with EnVision Workstation version 1.12		2012-11-30 12:10:00	2012-11-30 12:10:00	0	1	0
